/*
Navicat Oracle Data Transfer
Oracle Client Version : 10.2.0.5.0

Source Server         : conn_erp
Source Server Version : 110200
Source Host           : localhost:1521
Source Schema         : ERP

Target Server Type    : ORACLE
Target Server Version : 110200
File Encoding         : 65001

Date: 2016-10-13 18:05:49
*/


-- ----------------------------
-- Table structure for ERP_ACCOUNT
-- ----------------------------
DROP TABLE "ERP"."ERP_ACCOUNT";
CREATE TABLE "ERP"."ERP_ACCOUNT" (
"ID" VARCHAR2(32 BYTE) NOT NULL ,
"USERNAME" VARCHAR2(50 BYTE) NOT NULL ,
"PASSWORD" VARCHAR2(50 BYTE) NOT NULL ,
"UTYPE" CHAR(1 BYTE) NOT NULL ,
"CREATE_TIME" VARCHAR2(50 BYTE) NULL ,
"LAST_LOGIN_TIME" VARCHAR2(50 BYTE) NULL ,
"USER_ID" CHAR(32 BYTE) NULL 
)
LOGGING
NOCOMPRESS
NOCACHE

;

-- ----------------------------
-- Records of ERP_ACCOUNT
-- ----------------------------
INSERT INTO "ERP"."ERP_ACCOUNT" VALUES ('5999fdbaada24951a98dc40fb78514c0', 'sasdasd', '123', 'B', '2016-10-13 11:56:15', '2016-10-13 11:56:15', '81ba340bce5e413b8158c86a853e0270');
INSERT INTO "ERP"."ERP_ACCOUNT" VALUES ('379b42a179604e9aa7bfe0529c541390', 'woeur', '123', 'B', '2016-10-13 12:01:17', '2016-10-13 12:01:17', '410085a1464d4e63822f450a3e289077');
INSERT INTO "ERP"."ERP_ACCOUNT" VALUES ('fb453b352a8a4500935801d2e590b568', 'zs', '123456', 'A', '2016-10-09 09:42:03', '2016-10-13 05:20:46', '0e3c77163bf842479cc7e9a93071c069');
INSERT INTO "ERP"."ERP_ACCOUNT" VALUES ('0e3c77163bf842479asdf9a93071c069', 'ls', '123', 'A', '2016-10-09 09:42:03', '2016-10-13 02:03:24', '36cddad563504b1cab3331afd32de63b');
INSERT INTO "ERP"."ERP_ACCOUNT" VALUES ('0e3c771621we42479cc7e9a93071c069', 'wu', '123', 'A', '2016-10-09 09:42:08', '2016-10-13 02:03:37', '9fb1d133050046a59cdd00701946f14d');
INSERT INTO "ERP"."ERP_ACCOUNT" VALUES ('0e3azxc63bf842479cc7e9a93071c069', 'aaa', '123', 'A', '2016-10-09 10:42:23', '2016-10-13 02:04:17', '534b50470f09456cbb696d18ba49cf4b');
INSERT INTO "ERP"."ERP_ACCOUNT" VALUES ('0e3c77163bf8qwe79cc7e9a93071c069', 'bbb', '123', 'A', '2016-10-09 09:49:05', '2016-10-13 02:15:55', '5a257cfa80e3434fb203bdcf954f2313');

-- ----------------------------
-- Table structure for ERP_BLITEM
-- ----------------------------
DROP TABLE "ERP"."ERP_BLITEM";
CREATE TABLE "ERP"."ERP_BLITEM" (
"BLITEM_ID" CHAR(32 BYTE) NOT NULL ,
"WAREHOUSE_ID" CHAR(32 BYTE) NULL ,
"GOODS_ID" CHAR(13 BYTE) NULL ,
"NUM" NUMBER(7) NULL ,
"CHECK_NUM" NUMBER(7) NULL ,
"PROFIT_AND_LOSS" NUMBER(7) NULL ,
"HANDLER_ID" CHAR(32 BYTE) NULL 
)
LOGGING
NOCOMPRESS
NOCACHE

;

-- ----------------------------
-- Records of ERP_BLITEM
-- ----------------------------
INSERT INTO "ERP"."ERP_BLITEM" VALUES ('deeef9093e3b437b8b569151cf542f7a', 'c8ace9be654c4f5889bd121b1343c58b', '1476336632957', '25', '1', '1', '5a257cfa80e3434fb203bdcf954f2313');
INSERT INTO "ERP"."ERP_BLITEM" VALUES ('97d29e61274d4fcea94b3eaf317cc13f', 'c8ace9be654c4f5889bd121b1343c58b', '1476336687956', '15', '1', '-1', '5a257cfa80e3434fb203bdcf954f2313');

-- ----------------------------
-- Table structure for ERP_CASH_STATEMENT
-- ----------------------------
DROP TABLE "ERP"."ERP_CASH_STATEMENT";
CREATE TABLE "ERP"."ERP_CASH_STATEMENT" (
"STATEMENT_ID" CHAR(32 BYTE) NOT NULL ,
"GOODS_ID" CHAR(13 BYTE) NULL ,
"WAREHOUSE_ID" CHAR(32 BYTE) NULL ,
"GOODS_NUM" NUMBER(7) NULL 
)
LOGGING
NOCOMPRESS
NOCACHE

;

-- ----------------------------
-- Records of ERP_CASH_STATEMENT
-- ----------------------------
INSERT INTO "ERP"."ERP_CASH_STATEMENT" VALUES ('037e0a7404f744f39b43851ee75034c7', '1476336687956', 'cf84a38596394fef84eac6600813979d', '1');
INSERT INTO "ERP"."ERP_CASH_STATEMENT" VALUES ('e98fe1797f0d49ff81dede1a7fe47efc', '1476336632957', 'c8ace9be654c4f5889bd121b1343c58b', '12');
INSERT INTO "ERP"."ERP_CASH_STATEMENT" VALUES ('e18a23bd4f7e498dbf0a1d3755524c27', '1476336687956', 'c8ace9be654c4f5889bd121b1343c58b', '14');
INSERT INTO "ERP"."ERP_CASH_STATEMENT" VALUES ('861c275bc6284e31b00239a3bbe1a102', '1476336632957', '38a44b22a8354f9dac2ad968d6d08e61', '13');

-- ----------------------------
-- Table structure for ERP_CLIENT_SALE
-- ----------------------------
DROP TABLE "ERP"."ERP_CLIENT_SALE";
CREATE TABLE "ERP"."ERP_CLIENT_SALE" (
"CLIENT_SALE _ID" CHAR(32 BYTE) NOT NULL ,
"CUSTOMER_ID" CHAR(32 BYTE) NULL ,
"GOODS_ID" CHAR(8 BYTE) NULL ,
"NUM" NUMBER(7) NULL 
)
LOGGING
NOCOMPRESS
NOCACHE

;

-- ----------------------------
-- Records of ERP_CLIENT_SALE
-- ----------------------------

-- ----------------------------
-- Table structure for ERP_CODE
-- ----------------------------
DROP TABLE "ERP"."ERP_CODE";
CREATE TABLE "ERP"."ERP_CODE" (
"ID" CHAR(32 BYTE) NOT NULL ,
"KEY" CHAR(1 BYTE) NULL ,
"VALUE" VARCHAR2(100 BYTE) NULL ,
"TYPE" VARCHAR2(30 BYTE) NULL 
)
LOGGING
NOCOMPRESS
NOCACHE

;

-- ----------------------------
-- Records of ERP_CODE
-- ----------------------------
INSERT INTO "ERP"."ERP_CODE" VALUES ('67a299ced61d40edbb9426dda7a48567', 'C', '已操作', 'INVOICES_STATE');
INSERT INTO "ERP"."ERP_CODE" VALUES ('ba768362e40043b4b27479d247df3e48', 'A', '启用', 'STATE');
INSERT INTO "ERP"."ERP_CODE" VALUES ('91b25722f56d42ffba3aae8503da8fa6', 'B', '未启用', 'STATE');
INSERT INTO "ERP"."ERP_CODE" VALUES ('85215f0bae9c44b8ae2119f006fa0d5b', 'A', '家电', 'GOODS');
INSERT INTO "ERP"."ERP_CODE" VALUES ('44ee51f7e0394ef79351f0f0ecba87e0', 'B', '服饰', 'GOODS');
INSERT INTO "ERP"."ERP_CODE" VALUES ('2ae69f14cfcd48548d688d57115ab655', 'A', '公司老板', 'UTYPE');
INSERT INTO "ERP"."ERP_CODE" VALUES ('7f6e0bce9a9b412ca45046a961108bdf', 'B', '员工', 'UTYPE');
INSERT INTO "ERP"."ERP_CODE" VALUES ('95301a41eaa34f4f9ce8c161dda587fe', 'B', '分销商', 'C_TYPE');
INSERT INTO "ERP"."ERP_CODE" VALUES ('b309c72d78674026b030289247e26b52', 'A', '供应商', 'C_TYPE');
INSERT INTO "ERP"."ERP_CODE" VALUES ('66c08dc4cd594132b34ac95f90e24a9b', 'A', '调拨', 'RE_STATE');
INSERT INTO "ERP"."ERP_CODE" VALUES ('f1a5864434f641cea1f28b49ad06dfc3', 'B', '未调拨', 'RE_STATE');
INSERT INTO "ERP"."ERP_CODE" VALUES ('3eca3784e04544eebcdc03a0fd1a8964', 'B', '作废', 'INVOICES_STATE');
INSERT INTO "ERP"."ERP_CODE" VALUES ('3eca3784e04544eebcdc03a0fd1a8925', 'A', '男', 'SEX');
INSERT INTO "ERP"."ERP_CODE" VALUES ('3eca3784e04544eebcdc03a0fd1a8926', 'B', '女', 'SEX');
INSERT INTO "ERP"."ERP_CODE" VALUES ('3eca3784e04544eebcdc03a0fd1a8927', 'A', null, null);
INSERT INTO "ERP"."ERP_CODE" VALUES ('a3c79d7c078e4525967720b6ae6f6bde', 'A', '网上销售', 'SALE_TYPE');
INSERT INTO "ERP"."ERP_CODE" VALUES ('2d192621e1f3427fb0e05ddf42b377e4', 'B', '电话销售', 'SALE_TYPE');
INSERT INTO "ERP"."ERP_CODE" VALUES ('31fbad771069490da39ece5daccf45e8', 'A', '快递', 'DELIVERY_WAY');
INSERT INTO "ERP"."ERP_CODE" VALUES ('9875a3fdd86547e0ba55934fdd91d4f8', 'B', '自取', 'DELIVERY_WAY');
INSERT INTO "ERP"."ERP_CODE" VALUES ('f669779627b9448c999bd607494153a0', 'A', '现金', 'PAYMENT_METHOD');
INSERT INTO "ERP"."ERP_CODE" VALUES ('24a44c16d9f14704b3786aab6dcf0e7f', 'B', '支付宝', 'PAYMENT_METHOD');
INSERT INTO "ERP"."ERP_CODE" VALUES ('c28722342257490691aa842bac36d0e5', 'C', '银行转账', 'PAYMENT_METHOD');
INSERT INTO "ERP"."ERP_CODE" VALUES ('894533be9f314f0682b6027e91e12186', 'D', '食品', 'GOODS');
INSERT INTO "ERP"."ERP_CODE" VALUES ('c10e830ce8084050a70a6eda0b68fd2a', 'E', '百货', 'GOODS');
INSERT INTO "ERP"."ERP_CODE" VALUES ('be0861ca34844cfdb6003ba47691de20', 'F', '彩妆', 'GOODS');
INSERT INTO "ERP"."ERP_CODE" VALUES ('d63266341730483e9516cc5f20bfe40a', 'G', '医药', 'GOODS');
INSERT INTO "ERP"."ERP_CODE" VALUES ('a2fcd124f2e04dd18d45e16185c9ebd9', 'A', '已调拨', 'R_STATA');
INSERT INTO "ERP"."ERP_CODE" VALUES ('e399a6a257f54553ae71797c5eb2cd5d', 'B', '未调拨', 'R_STATE');
INSERT INTO "ERP"."ERP_CODE" VALUES ('382bdeb7eb66414cbdad0572f9143c66', 'A', '正常', 'INVOICES_STATE');
INSERT INTO "ERP"."ERP_CODE" VALUES ('6e37e429a89e492a83a3d59e21be1ece', 'C', '家居用品', 'GOODS');

-- ----------------------------
-- Table structure for ERP_COMMENT
-- ----------------------------
DROP TABLE "ERP"."ERP_COMMENT";
CREATE TABLE "ERP"."ERP_COMMENT" (
"ID" VARCHAR2(32 BYTE) NOT NULL ,
"CONTENT" VARCHAR2(300 BYTE) NULL ,
"ACCOUNT_ID" CHAR(32 BYTE) NULL 
)
LOGGING
NOCOMPRESS
NOCACHE

;

-- ----------------------------
-- Records of ERP_COMMENT
-- ----------------------------

-- ----------------------------
-- Table structure for ERP_CUSTOMER
-- ----------------------------
DROP TABLE "ERP"."ERP_CUSTOMER";
CREATE TABLE "ERP"."ERP_CUSTOMER" (
"ID" CHAR(32 BYTE) NOT NULL ,
"NAME" VARCHAR2(30 BYTE) NOT NULL ,
"SEX" VARCHAR2(30 BYTE) NOT NULL ,
"AGE" VARCHAR2(30 BYTE) NULL ,
"ADDRESS" VARCHAR2(100 BYTE) NULL ,
"COMPANY" VARCHAR2(50 BYTE) NULL ,
"PHONE" VARCHAR2(30 BYTE) NULL ,
"C_TYPE" CHAR(1 BYTE) NULL 
)
LOGGING
NOCOMPRESS
NOCACHE

;

-- ----------------------------
-- Records of ERP_CUSTOMER
-- ----------------------------
INSERT INTO "ERP"."ERP_CUSTOMER" VALUES ('8c62170ed4544b4a9f5bcd1c466c6783', '齐秦', 'A', '34', '郑州二七区', '郑州九亿', '15098672030', 'A');
INSERT INTO "ERP"."ERP_CUSTOMER" VALUES ('2b8ae1e140c24402a3389baa884e71b0', '张田爱', 'B', '35', '洛阳', '洛阳缘梦', '167098765372', 'B');
INSERT INTO "ERP"."ERP_CUSTOMER" VALUES ('210234eef573455f9a91b0b0417eda91', '邱毅', 'A', '45', '开封', '如意百家', '15670985423', 'A');
INSERT INTO "ERP"."ERP_CUSTOMER" VALUES ('3d207941c0324003a21e446c07583765', '周田梓', 'A', '30', '北京', '天资有限公司', '167908763623', 'B');

-- ----------------------------
-- Table structure for ERP_DEPT
-- ----------------------------
DROP TABLE "ERP"."ERP_DEPT";
CREATE TABLE "ERP"."ERP_DEPT" (
"DEPT_ID" CHAR(32 BYTE) NOT NULL ,
"NAME" VARCHAR2(50 BYTE) NULL ,
"SUBSIDIARY_ORGAN" VARCHAR2(50 BYTE) NULL ,
"STATE" CHAR(1 BYTE) NULL 
)
LOGGING
NOCOMPRESS
NOCACHE

;

-- ----------------------------
-- Records of ERP_DEPT
-- ----------------------------
INSERT INTO "ERP"."ERP_DEPT" VALUES ('401201a3267e41ddb1f64b6ba70eb25f', '郑州采购总部', '郑州开拓者总公司', 'A');
INSERT INTO "ERP"."ERP_DEPT" VALUES ('c91c43ec83b84e5d99a203bae65a10c8', '郑州销售总部', '郑州开拓者总公司', 'A');
INSERT INTO "ERP"."ERP_DEPT" VALUES ('32a5eb5a3bbb422d856b39827096f0bd', '洛阳二号采购部', '洛阳开拓者二号分公司', 'A');
INSERT INTO "ERP"."ERP_DEPT" VALUES ('07c708c5510146c2a09d76dd6565150b', '洛阳二号销售部', '洛阳开拓者二号分公司', 'A');
INSERT INTO "ERP"."ERP_DEPT" VALUES ('6dafb7aa605c4556886bc9567c3eb51b', '郑州人事总部', '郑州开拓者总公司', 'A');

-- ----------------------------
-- Table structure for ERP_GOODS
-- ----------------------------
DROP TABLE "ERP"."ERP_GOODS";
CREATE TABLE "ERP"."ERP_GOODS" (
"GOODS_ID" CHAR(13 BYTE) NOT NULL ,
"GOODS_NAME" VARCHAR2(50 BYTE) NULL ,
"GOODS_NUM" NUMBER(7) NULL ,
"GOODS_PRICES" NUMBER(8) NULL ,
"GOODS_TYPE" CHAR(1 BYTE) NULL ,
"GOODS_UNIT" VARCHAR2(30 BYTE) NULL ,
"WAREHOUSE_ID" CHAR(32 BYTE) NULL 
)
LOGGING
NOCOMPRESS
NOCACHE

;

-- ----------------------------
-- Records of ERP_GOODS
-- ----------------------------
INSERT INTO "ERP"."ERP_GOODS" VALUES ('1476336587874', '富光水杯', '1', '10', 'E', '杯', 'c8ace9be654c4f5889bd121b1343c58b');
INSERT INTO "ERP"."ERP_GOODS" VALUES ('1476336632957', '惠普笔记本电脑', '1', '4200', 'A', '台', '38a44b22a8354f9dac2ad968d6d08e61');
INSERT INTO "ERP"."ERP_GOODS" VALUES ('1476336687956', 'vivo数据线', '1', '20', 'A', '条', '38a44b22a8354f9dac2ad968d6d08e61');
INSERT INTO "ERP"."ERP_GOODS" VALUES ('1476336980646', 'vivox5m手机', '1', '2300', 'A', '台', 'c8ace9be654c4f5889bd121b1343c58b');
INSERT INTO "ERP"."ERP_GOODS" VALUES ('1476337012238', 'OPPOr7手机', '1', '2500', 'A', '台', 'c8ace9be654c4f5889bd121b1343c58b');
INSERT INTO "ERP"."ERP_GOODS" VALUES ('1476337053585', '电脑充电线', '1', '60', 'A', '条', 'c8ace9be654c4f5889bd121b1343c58b');
INSERT INTO "ERP"."ERP_GOODS" VALUES ('1476337206664', '台电U盘8G', '1', '20', 'A', '个', '38a44b22a8354f9dac2ad968d6d08e61');
INSERT INTO "ERP"."ERP_GOODS" VALUES ('1476337243338', '台电U盘16G', '1', '32', 'A', '个', 'c8ace9be654c4f5889bd121b1343c58b');
INSERT INTO "ERP"."ERP_GOODS" VALUES ('1476337265093', '台电U盘32G', '1', '58', 'A', '个', 'c8ace9be654c4f5889bd121b1343c58b');
INSERT INTO "ERP"."ERP_GOODS" VALUES ('1476337289392', '台电U盘64G', '1', '120', 'A', '个', 'c8ace9be654c4f5889bd121b1343c58b');
INSERT INTO "ERP"."ERP_GOODS" VALUES ('1476337366278', '台电内存卡8G', '1', '20', 'A', '个', 'c8ace9be654c4f5889bd121b1343c58b');
INSERT INTO "ERP"."ERP_GOODS" VALUES ('1476337442481', '台电内存卡16G', '1', '32', 'A', '个', 'c8ace9be654c4f5889bd121b1343c58b');

-- ----------------------------
-- Table structure for ERP_GOODS_SALE
-- ----------------------------
DROP TABLE "ERP"."ERP_GOODS_SALE";
CREATE TABLE "ERP"."ERP_GOODS_SALE" (
"GOODS_SALE_ID" CHAR(32 BYTE) NOT NULL ,
"GOODS_ID" CHAR(13 BYTE) NULL ,
"NUM" NUMBER(7) NULL ,
"WAREHOUSE_ID" CHAR(32 BYTE) NULL ,
"QUARTER" VARCHAR2(50 BYTE) NULL ,
"MONTH" VARCHAR2(50 BYTE) NULL ,
"SALE_TIME" VARCHAR2(50 BYTE) NULL ,
"CUSTOMER_ID" CHAR(50 BYTE) NULL 
)
LOGGING
NOCOMPRESS
NOCACHE

;

-- ----------------------------
-- Records of ERP_GOODS_SALE
-- ----------------------------

-- ----------------------------
-- Table structure for ERP_JOB
-- ----------------------------
DROP TABLE "ERP"."ERP_JOB";
CREATE TABLE "ERP"."ERP_JOB" (
"JOB_ID" CHAR(32 BYTE) NOT NULL ,
"JOB_NAME" VARCHAR2(50 BYTE) NOT NULL ,
"STATE" CHAR(1 BYTE) NULL 
)
LOGGING
NOCOMPRESS
NOCACHE

;

-- ----------------------------
-- Records of ERP_JOB
-- ----------------------------
INSERT INTO "ERP"."ERP_JOB" VALUES ('005625372bea49ac9990e708e8b696aa', 'boss', 'A');
INSERT INTO "ERP"."ERP_JOB" VALUES ('a6774b8a98554dbdaf206188e6541b54', '档案系统管理员', 'A');
INSERT INTO "ERP"."ERP_JOB" VALUES ('ea26d2394a1342e0940e5b40c1e51ed3', '采购员', 'A');
INSERT INTO "ERP"."ERP_JOB" VALUES ('d5c966da3d1d48108cfd28824e059e02', '销售员', 'A');
INSERT INTO "ERP"."ERP_JOB" VALUES ('71111cb9f07048409342d5b086e32146', '仓库管理员', 'A');

-- ----------------------------
-- Table structure for ERP_JOB_RESOURCE
-- ----------------------------
DROP TABLE "ERP"."ERP_JOB_RESOURCE";
CREATE TABLE "ERP"."ERP_JOB_RESOURCE" (
"ID" CHAR(32 BYTE) NOT NULL ,
"JOB_ID" CHAR(32 BYTE) NOT NULL ,
"RESOURCE_ID" CHAR(32 BYTE) NOT NULL 
)
LOGGING
NOCOMPRESS
NOCACHE

;

-- ----------------------------
-- Records of ERP_JOB_RESOURCE
-- ----------------------------
INSERT INTO "ERP"."ERP_JOB_RESOURCE" VALUES ('85558eb0877a45a68274fdc139d9c18e', '005625372bea49ac9990e708e8b696aa', '65681da7e5c14430804d59eb37f74d6c');
INSERT INTO "ERP"."ERP_JOB_RESOURCE" VALUES ('7b073177fd8f49928aa18c50530d1599', '005625372bea49ac9990e708e8b696aa', '5fc7a9af578b4fa1a66e7cc3cafb9047');
INSERT INTO "ERP"."ERP_JOB_RESOURCE" VALUES ('88241b684a534cdcbdeefaae548e4717', '005625372bea49ac9990e708e8b696aa', '92859d2ac5c147479786d949b23fe861');
INSERT INTO "ERP"."ERP_JOB_RESOURCE" VALUES ('e69e0b5b7d2b47a491a7b7a8f3ec14e3', '005625372bea49ac9990e708e8b696aa', '7f88370db3a84b598df44f2d6ef9720e');
INSERT INTO "ERP"."ERP_JOB_RESOURCE" VALUES ('83ad9c831bab4edeaf2a9fc870c5c02f', '005625372bea49ac9990e708e8b696aa', '15ce74ba9f5b4397b07013f2535f1211');
INSERT INTO "ERP"."ERP_JOB_RESOURCE" VALUES ('22911cdcfce7440cb6ea946ad208f9b5', '005625372bea49ac9990e708e8b696aa', '6cc82d1030fa406291dff1be986a4aa4');
INSERT INTO "ERP"."ERP_JOB_RESOURCE" VALUES ('75431b3dacc648e590fc10aa9dafd9b6', '005625372bea49ac9990e708e8b696aa', 'd39ab2fc2765423a8887b6b17937ff7d');
INSERT INTO "ERP"."ERP_JOB_RESOURCE" VALUES ('b1bc3db6c3784a3baa9d59e5ce9ef1d0', '005625372bea49ac9990e708e8b696aa', '27b6192660dd42779cecdbd54eda7d6b');
INSERT INTO "ERP"."ERP_JOB_RESOURCE" VALUES ('f15e9be0380c4d45b8a358588d0f3470', '005625372bea49ac9990e708e8b696aa', '2210f57433d74f4899b10e10a07ecf5e');
INSERT INTO "ERP"."ERP_JOB_RESOURCE" VALUES ('27bc5ef330ff4fa4ac58587e6a81c22a', '005625372bea49ac9990e708e8b696aa', '76fab0a4010a4a52902ff35dd7a29899');
INSERT INTO "ERP"."ERP_JOB_RESOURCE" VALUES ('f9a10fb8443940fe80c42616b4b63918', '005625372bea49ac9990e708e8b696aa', 'b5340174792741f78b042b54c0638fdb');
INSERT INTO "ERP"."ERP_JOB_RESOURCE" VALUES ('cf4febcd58dc43f7b2fa455c5a3ca57e', '005625372bea49ac9990e708e8b696aa', 'bc5c8f79d35d475cb3fc9dc753a9e9bf');
INSERT INTO "ERP"."ERP_JOB_RESOURCE" VALUES ('67070cb54f0344a988f063218c3d1d95', '005625372bea49ac9990e708e8b696aa', 'eb4530ffaaa9434b91af1c2f564938c6');
INSERT INTO "ERP"."ERP_JOB_RESOURCE" VALUES ('aa78310f761041688dfa1206697638b7', 'a6774b8a98554dbdaf206188e6541b54', '732486418f684c7e8422dc947601ba7c');
INSERT INTO "ERP"."ERP_JOB_RESOURCE" VALUES ('3cb2ca358c9248eb9ab82d92b32cf614', 'a6774b8a98554dbdaf206188e6541b54', '33cd6c5d81cd4590aa3dd794ffd0f5c8');
INSERT INTO "ERP"."ERP_JOB_RESOURCE" VALUES ('e4f3d369fc79401db5f2dfe1aaa27120', 'a6774b8a98554dbdaf206188e6541b54', '830e49440025428fbea5374900e5dc88');
INSERT INTO "ERP"."ERP_JOB_RESOURCE" VALUES ('8023695f54104d18a353649a4be088ab', 'a6774b8a98554dbdaf206188e6541b54', '160c22494ef74eb4aad62ddcf657fe61');
INSERT INTO "ERP"."ERP_JOB_RESOURCE" VALUES ('812bd6bee53c47a88d881f7c175da53b', 'a6774b8a98554dbdaf206188e6541b54', '945de7c856824be699e06a0569c56d6e');
INSERT INTO "ERP"."ERP_JOB_RESOURCE" VALUES ('9db9690483e947028aaa873135824619', 'a6774b8a98554dbdaf206188e6541b54', '3d3b2e51a672422f8e3acf3750a3ef2f');
INSERT INTO "ERP"."ERP_JOB_RESOURCE" VALUES ('c07737f7d23a41a5a7073eb19fd0f601', 'a6774b8a98554dbdaf206188e6541b54', '44b4e6f344f54f9d9a68cc2389f682bc');
INSERT INTO "ERP"."ERP_JOB_RESOURCE" VALUES ('66e6d9b4d2694f2f98f5637c03a717a7', 'a6774b8a98554dbdaf206188e6541b54', '23b014245e954d9ba2a613fa1fd567aa');
INSERT INTO "ERP"."ERP_JOB_RESOURCE" VALUES ('c92e543ce91a425c85a18ecfd23516b7', 'a6774b8a98554dbdaf206188e6541b54', 'c9891ba76f2b4dd38104bf1ffd64a0cf');
INSERT INTO "ERP"."ERP_JOB_RESOURCE" VALUES ('1d2edaab64b14979acb1ba2a30e31f5d', 'a6774b8a98554dbdaf206188e6541b54', '114b7fa16e664a7b9b0ee5a058c3242f');
INSERT INTO "ERP"."ERP_JOB_RESOURCE" VALUES ('b330126305e44516abcb4a36527305b7', 'a6774b8a98554dbdaf206188e6541b54', '4d9f89bd69ae4fbe9e29017885fed150');
INSERT INTO "ERP"."ERP_JOB_RESOURCE" VALUES ('c44ed26d4041478580606e9ee095f4ad', 'a6774b8a98554dbdaf206188e6541b54', 'f55dfcb17c1e4055aae77be411e95f5c');
INSERT INTO "ERP"."ERP_JOB_RESOURCE" VALUES ('1d5cd426467142899dc47eb76476852a', 'a6774b8a98554dbdaf206188e6541b54', '2e359cc8f678401fa24a338c4f5e6bc5');
INSERT INTO "ERP"."ERP_JOB_RESOURCE" VALUES ('e5e2d87ad7824af094ad6f242aee0e97', 'a6774b8a98554dbdaf206188e6541b54', 'a0f10eafbae44a0896927496f046f389');
INSERT INTO "ERP"."ERP_JOB_RESOURCE" VALUES ('bab33d40a5084a59ab80104501ee7662', 'a6774b8a98554dbdaf206188e6541b54', 'f164cbfe44b74f1cb1445dc00690b363');
INSERT INTO "ERP"."ERP_JOB_RESOURCE" VALUES ('67cbc2b5bf85490ea09152f05c9da83e', 'a6774b8a98554dbdaf206188e6541b54', '17afd566062740a9b492e7ae88fa23ff');
INSERT INTO "ERP"."ERP_JOB_RESOURCE" VALUES ('29496d766f52476a99144edc94f1a0a0', 'a6774b8a98554dbdaf206188e6541b54', '2ab0de4bcf944aaeabd0716789045a0e');
INSERT INTO "ERP"."ERP_JOB_RESOURCE" VALUES ('2db244b91f4c4f12b6324e8bdf3ca530', 'a6774b8a98554dbdaf206188e6541b54', 'b742f3ee38d74a23a0d886d6c22b55d4');
INSERT INTO "ERP"."ERP_JOB_RESOURCE" VALUES ('1eda93c65e864e83828c6931a58e85ba', 'a6774b8a98554dbdaf206188e6541b54', 'b95a2a4d873a497695aa0d4c6dde7209');
INSERT INTO "ERP"."ERP_JOB_RESOURCE" VALUES ('f0e0301af6c246a9a96543029d67b61c', 'a6774b8a98554dbdaf206188e6541b54', '58b1f8dc60b84cc69bef5a77a459c5f3');
INSERT INTO "ERP"."ERP_JOB_RESOURCE" VALUES ('87191231fbb74b2bb04b16a2253efd05', 'a6774b8a98554dbdaf206188e6541b54', '75329a2817c143fa986ed24baab48841');
INSERT INTO "ERP"."ERP_JOB_RESOURCE" VALUES ('299d474622564f4f8f0a0c8a2f6e0f00', 'a6774b8a98554dbdaf206188e6541b54', '3f50b6ceebcc4fdfab67afa8a261362c');
INSERT INTO "ERP"."ERP_JOB_RESOURCE" VALUES ('6f8a9f4537ed4aff96e6a1daf598fefb', 'a6774b8a98554dbdaf206188e6541b54', '338328b151474324b018f67eb129d9a8');
INSERT INTO "ERP"."ERP_JOB_RESOURCE" VALUES ('67cea8053f064c078965fce90909f3d7', 'a6774b8a98554dbdaf206188e6541b54', 'c3c76111b19f4e888142eaa5e5e08c5a');
INSERT INTO "ERP"."ERP_JOB_RESOURCE" VALUES ('17348c95d6fa46a1b4cb203d4af18865', 'a6774b8a98554dbdaf206188e6541b54', '6a0f078b96d84011936920e73357c0f9');
INSERT INTO "ERP"."ERP_JOB_RESOURCE" VALUES ('f39fe73f9a164e79a0ed70b9740876d0', 'a6774b8a98554dbdaf206188e6541b54', '6099c90ad99d4899964b42fab076d133');
INSERT INTO "ERP"."ERP_JOB_RESOURCE" VALUES ('bf79231e6199431493bf0ac36cd4fb61', 'a6774b8a98554dbdaf206188e6541b54', 'fd09606c902546b79cf69cc02b2aa04b');
INSERT INTO "ERP"."ERP_JOB_RESOURCE" VALUES ('23fbb663eeb94ea7b53e577ec8500635', 'a6774b8a98554dbdaf206188e6541b54', '75301cb80be64f4a907df4a437e6c142');
INSERT INTO "ERP"."ERP_JOB_RESOURCE" VALUES ('d62047cd21c94184875ab0132c1b568f', 'a6774b8a98554dbdaf206188e6541b54', '6b9c705f54074f73ac7c805b01c14341');
INSERT INTO "ERP"."ERP_JOB_RESOURCE" VALUES ('33cafb32099846f8ac603b887ac82a2d', 'a6774b8a98554dbdaf206188e6541b54', '7c9d6f29eaeb485c88ade89d764e1332');
INSERT INTO "ERP"."ERP_JOB_RESOURCE" VALUES ('e1b02cb09acb448e8885e81d9d6329d6', 'a6774b8a98554dbdaf206188e6541b54', '8e180f70dddc427f9d57fadc09c4df3a');
INSERT INTO "ERP"."ERP_JOB_RESOURCE" VALUES ('1ca64c3b762f4c21b8be1905ef884357', 'a6774b8a98554dbdaf206188e6541b54', 'a1732ac2b260427b94abf1bff548c25c');
INSERT INTO "ERP"."ERP_JOB_RESOURCE" VALUES ('d141202eb9de4e01a359dc75589a7fae', 'a6774b8a98554dbdaf206188e6541b54', '718847362f7e4de7b32ce090157eaf24');
INSERT INTO "ERP"."ERP_JOB_RESOURCE" VALUES ('bcf0e1b0e27048968d20ec9b41c23533', 'a6774b8a98554dbdaf206188e6541b54', '099c8614893c4937a157ee9683723dd7');
INSERT INTO "ERP"."ERP_JOB_RESOURCE" VALUES ('56c7480c50204c4b8930efd4882dedbd', 'a6774b8a98554dbdaf206188e6541b54', '4869968952fe40f4bcd01a704875cff8');
INSERT INTO "ERP"."ERP_JOB_RESOURCE" VALUES ('eea43ba1a2aa467e86fba52a37378883', 'a6774b8a98554dbdaf206188e6541b54', '5edefd1de424439ab2536513b5c26c8f');
INSERT INTO "ERP"."ERP_JOB_RESOURCE" VALUES ('a699c81bba8b464094feaf774059119f', 'a6774b8a98554dbdaf206188e6541b54', 'd545698fea944b9897dff0820dc3d6e5');
INSERT INTO "ERP"."ERP_JOB_RESOURCE" VALUES ('d46ff83a95424adf98e4f2e7a6dd0262', 'a6774b8a98554dbdaf206188e6541b54', '3cd25a28672f47deba06d510d16453e8');
INSERT INTO "ERP"."ERP_JOB_RESOURCE" VALUES ('5611bf1c37f54558b155b9eb0d42f9e1', 'a6774b8a98554dbdaf206188e6541b54', 'e6c23d1f33c949758d91ce41b084b172');
INSERT INTO "ERP"."ERP_JOB_RESOURCE" VALUES ('11ba91295bf44548a4d74918dfc52a61', 'a6774b8a98554dbdaf206188e6541b54', '73c53ffabdd44bf1810baaa280ece67e');
INSERT INTO "ERP"."ERP_JOB_RESOURCE" VALUES ('d7d96c37b2794be78792b3f21b022c8e', 'a6774b8a98554dbdaf206188e6541b54', '6d88f5c90cfd433e853fc187bfb411f9');
INSERT INTO "ERP"."ERP_JOB_RESOURCE" VALUES ('eab1c57185364bf3948f4679d6a40c58', 'a6774b8a98554dbdaf206188e6541b54', '0a3f9f50435e453ba7e75fdca655d283');
INSERT INTO "ERP"."ERP_JOB_RESOURCE" VALUES ('ede94e76325740d9a309af7e4fae0b37', 'a6774b8a98554dbdaf206188e6541b54', '3ceb96d71e4a4e57ab8a7ec7ebb4d127');
INSERT INTO "ERP"."ERP_JOB_RESOURCE" VALUES ('a47fee7ac10e48d584208c4c90366c65', 'a6774b8a98554dbdaf206188e6541b54', '7ad9b2d47a2e49f1bb84d7c90792a2f6');
INSERT INTO "ERP"."ERP_JOB_RESOURCE" VALUES ('b76eec7e41b34fa5ad9e52007de33df2', 'a6774b8a98554dbdaf206188e6541b54', 'e7f78e7d592741a7a42d0db44daed48f');
INSERT INTO "ERP"."ERP_JOB_RESOURCE" VALUES ('edfd46b557004b4ea40f0503fb2f3bb9', 'a6774b8a98554dbdaf206188e6541b54', 'f357e6d5427341d28f69694d6a4f7af2');
INSERT INTO "ERP"."ERP_JOB_RESOURCE" VALUES ('7e1472f00b344d7f87be9bd1de4c0ebf', 'a6774b8a98554dbdaf206188e6541b54', '3c2e66bd163a4428be0a095086737ad1');
INSERT INTO "ERP"."ERP_JOB_RESOURCE" VALUES ('ba5f7518616e47ab9e54a53df15dfd81', 'a6774b8a98554dbdaf206188e6541b54', 'e05badb7dbb1429a9f445faeaa484409');
INSERT INTO "ERP"."ERP_JOB_RESOURCE" VALUES ('7fa047c3dc7c4971b58c900f98df7833', 'a6774b8a98554dbdaf206188e6541b54', '5fc7a9af578b4fa1a66e7cc3cafb9047');
INSERT INTO "ERP"."ERP_JOB_RESOURCE" VALUES ('8571ce4419d94457b683aa8b6372f349', 'a6774b8a98554dbdaf206188e6541b54', '92859d2ac5c147479786d949b23fe861');
INSERT INTO "ERP"."ERP_JOB_RESOURCE" VALUES ('0ad05021581e4a89aa42f874af6b8b35', 'a6774b8a98554dbdaf206188e6541b54', '7f88370db3a84b598df44f2d6ef9720e');
INSERT INTO "ERP"."ERP_JOB_RESOURCE" VALUES ('19a21f55c59148779cb3c464777f4596', 'a6774b8a98554dbdaf206188e6541b54', '15ce74ba9f5b4397b07013f2535f1211');
INSERT INTO "ERP"."ERP_JOB_RESOURCE" VALUES ('e5ec6a3e08384c2a89f6829c9a765dc3', 'a6774b8a98554dbdaf206188e6541b54', '6cc82d1030fa406291dff1be986a4aa4');
INSERT INTO "ERP"."ERP_JOB_RESOURCE" VALUES ('373413aabe7f47fe91eb1514150901b7', 'a6774b8a98554dbdaf206188e6541b54', 'd39ab2fc2765423a8887b6b17937ff7d');
INSERT INTO "ERP"."ERP_JOB_RESOURCE" VALUES ('57eeaf5281de4efb89081c8f85062452', 'a6774b8a98554dbdaf206188e6541b54', '27b6192660dd42779cecdbd54eda7d6b');
INSERT INTO "ERP"."ERP_JOB_RESOURCE" VALUES ('1e872842561d436bbb73b6518c854971', 'a6774b8a98554dbdaf206188e6541b54', '2210f57433d74f4899b10e10a07ecf5e');
INSERT INTO "ERP"."ERP_JOB_RESOURCE" VALUES ('2a26aea3471d401a846290362d175744', 'a6774b8a98554dbdaf206188e6541b54', '76fab0a4010a4a52902ff35dd7a29899');
INSERT INTO "ERP"."ERP_JOB_RESOURCE" VALUES ('da45c01f5a1b4087a6add86b8605b554', 'a6774b8a98554dbdaf206188e6541b54', 'b5340174792741f78b042b54c0638fdb');
INSERT INTO "ERP"."ERP_JOB_RESOURCE" VALUES ('c5c82892cc3a4d788fa3f2b4fcdcf7cb', 'a6774b8a98554dbdaf206188e6541b54', 'bc5c8f79d35d475cb3fc9dc753a9e9bf');
INSERT INTO "ERP"."ERP_JOB_RESOURCE" VALUES ('8713491928214ee48acc01b475fe52ce', 'a6774b8a98554dbdaf206188e6541b54', 'eb4530ffaaa9434b91af1c2f564938c6');
INSERT INTO "ERP"."ERP_JOB_RESOURCE" VALUES ('ee5e073709654f3cb860edf0c6cb7191', '71111cb9f07048409342d5b086e32146', '732486418f684c7e8422dc947601ba7c');
INSERT INTO "ERP"."ERP_JOB_RESOURCE" VALUES ('26203eedeb1f42889bcb476b6d77cd35', '71111cb9f07048409342d5b086e32146', '33cd6c5d81cd4590aa3dd794ffd0f5c8');
INSERT INTO "ERP"."ERP_JOB_RESOURCE" VALUES ('b225aad558e44c258578291f55c40d91', '71111cb9f07048409342d5b086e32146', '830e49440025428fbea5374900e5dc88');
INSERT INTO "ERP"."ERP_JOB_RESOURCE" VALUES ('ddf6de62a62c4791950a1473fd819c7a', '71111cb9f07048409342d5b086e32146', '160c22494ef74eb4aad62ddcf657fe61');
INSERT INTO "ERP"."ERP_JOB_RESOURCE" VALUES ('4775d7ed91ab4cf5b7dc8be51f3691d5', '71111cb9f07048409342d5b086e32146', '945de7c856824be699e06a0569c56d6e');
INSERT INTO "ERP"."ERP_JOB_RESOURCE" VALUES ('e7e77d0f24c941f08bfa0c05445e31ce', '71111cb9f07048409342d5b086e32146', '3d3b2e51a672422f8e3acf3750a3ef2f');
INSERT INTO "ERP"."ERP_JOB_RESOURCE" VALUES ('000cbc702afd4e3fac906ab1ca708bb7', '71111cb9f07048409342d5b086e32146', '5f7c45cd4d664bb595ad5b11df77d363');
INSERT INTO "ERP"."ERP_JOB_RESOURCE" VALUES ('6a40fb981ced4d43937ec82a7468552c', '71111cb9f07048409342d5b086e32146', '16df8ee31bc540ab8702257d1010c216');
INSERT INTO "ERP"."ERP_JOB_RESOURCE" VALUES ('a6299a31686244d3b2e68f6b47f7d5d0', '71111cb9f07048409342d5b086e32146', '8e83e47c9f9c41409e5c7af1076309d8');
INSERT INTO "ERP"."ERP_JOB_RESOURCE" VALUES ('8ce2c558bfdf431db12d378c47ba68bd', '71111cb9f07048409342d5b086e32146', '27d05742fb7645bbab4ca30fe6919fd5');
INSERT INTO "ERP"."ERP_JOB_RESOURCE" VALUES ('bde1f712f1de4cc4849113a313088231', '71111cb9f07048409342d5b086e32146', '5bec0e00f7f2417f8aa606679e6fca34');
INSERT INTO "ERP"."ERP_JOB_RESOURCE" VALUES ('ae2478dfa579431f9e9b257ecd04dba6', '71111cb9f07048409342d5b086e32146', '65681da7e5c14430804d59eb37f74d6c');
INSERT INTO "ERP"."ERP_JOB_RESOURCE" VALUES ('c63c15bfa7534ef590c8969aa992a095', '005625372bea49ac9990e708e8b696aa', '732486418f684c7e8422dc947601ba7c');
INSERT INTO "ERP"."ERP_JOB_RESOURCE" VALUES ('14545969fd794dedab135400bc5d075f', '005625372bea49ac9990e708e8b696aa', '33cd6c5d81cd4590aa3dd794ffd0f5c8');
INSERT INTO "ERP"."ERP_JOB_RESOURCE" VALUES ('05de57d9e29446e1937ccf9776bf6700', '005625372bea49ac9990e708e8b696aa', '830e49440025428fbea5374900e5dc88');
INSERT INTO "ERP"."ERP_JOB_RESOURCE" VALUES ('01c858e8a4dc44cc8826f01200af2c65', '005625372bea49ac9990e708e8b696aa', '160c22494ef74eb4aad62ddcf657fe61');
INSERT INTO "ERP"."ERP_JOB_RESOURCE" VALUES ('6aec42f07f5945e3bf2565591e3cb699', '005625372bea49ac9990e708e8b696aa', '945de7c856824be699e06a0569c56d6e');
INSERT INTO "ERP"."ERP_JOB_RESOURCE" VALUES ('a5e23e3239394f80bd86b8218de449c5', '005625372bea49ac9990e708e8b696aa', '3d3b2e51a672422f8e3acf3750a3ef2f');
INSERT INTO "ERP"."ERP_JOB_RESOURCE" VALUES ('3feb8413aa3245f8a87cad9d442179ad', '005625372bea49ac9990e708e8b696aa', '44b4e6f344f54f9d9a68cc2389f682bc');
INSERT INTO "ERP"."ERP_JOB_RESOURCE" VALUES ('a4843b1577924ff4ab56e42cf935964f', '005625372bea49ac9990e708e8b696aa', '23b014245e954d9ba2a613fa1fd567aa');
INSERT INTO "ERP"."ERP_JOB_RESOURCE" VALUES ('bf1b876920d94694a33be1ce1da62c3b', '005625372bea49ac9990e708e8b696aa', 'c9891ba76f2b4dd38104bf1ffd64a0cf');
INSERT INTO "ERP"."ERP_JOB_RESOURCE" VALUES ('f1ca7eb099d046e3a9dc91c94e2e3522', '005625372bea49ac9990e708e8b696aa', '114b7fa16e664a7b9b0ee5a058c3242f');
INSERT INTO "ERP"."ERP_JOB_RESOURCE" VALUES ('7dd34dd913064bdaa264c4d35df558ff', '005625372bea49ac9990e708e8b696aa', '4d9f89bd69ae4fbe9e29017885fed150');
INSERT INTO "ERP"."ERP_JOB_RESOURCE" VALUES ('8d45056128394649a33dded5d733b68f', '005625372bea49ac9990e708e8b696aa', 'f55dfcb17c1e4055aae77be411e95f5c');
INSERT INTO "ERP"."ERP_JOB_RESOURCE" VALUES ('687e8c9c8c594172b3fbf929967896ce', '005625372bea49ac9990e708e8b696aa', '2e359cc8f678401fa24a338c4f5e6bc5');
INSERT INTO "ERP"."ERP_JOB_RESOURCE" VALUES ('380150ccd4374076a4cc87e5f034beac', '005625372bea49ac9990e708e8b696aa', 'a0f10eafbae44a0896927496f046f389');
INSERT INTO "ERP"."ERP_JOB_RESOURCE" VALUES ('82bb5e95f30844d292bc1c2738bcf88c', '005625372bea49ac9990e708e8b696aa', 'f164cbfe44b74f1cb1445dc00690b363');
INSERT INTO "ERP"."ERP_JOB_RESOURCE" VALUES ('c8d439223e1b4b44bde9e990ce1bb0aa', '005625372bea49ac9990e708e8b696aa', '17afd566062740a9b492e7ae88fa23ff');
INSERT INTO "ERP"."ERP_JOB_RESOURCE" VALUES ('a10843e9697246ad9a9bfdc74eb46a77', '005625372bea49ac9990e708e8b696aa', '2ab0de4bcf944aaeabd0716789045a0e');
INSERT INTO "ERP"."ERP_JOB_RESOURCE" VALUES ('e425835d264b449b904a25b8b117971a', '005625372bea49ac9990e708e8b696aa', 'b742f3ee38d74a23a0d886d6c22b55d4');
INSERT INTO "ERP"."ERP_JOB_RESOURCE" VALUES ('c10394104c764e65b533b4ab5d48e231', '005625372bea49ac9990e708e8b696aa', 'b95a2a4d873a497695aa0d4c6dde7209');
INSERT INTO "ERP"."ERP_JOB_RESOURCE" VALUES ('10da651a2f60414fb1a35b7a8c54f80b', '005625372bea49ac9990e708e8b696aa', '58b1f8dc60b84cc69bef5a77a459c5f3');
INSERT INTO "ERP"."ERP_JOB_RESOURCE" VALUES ('295feb1162224d8c9f302dad3f3a1c2b', '005625372bea49ac9990e708e8b696aa', '75329a2817c143fa986ed24baab48841');
INSERT INTO "ERP"."ERP_JOB_RESOURCE" VALUES ('3fcbfd0b25384b0f94160e0c5afe1b3c', '005625372bea49ac9990e708e8b696aa', '3f50b6ceebcc4fdfab67afa8a261362c');
INSERT INTO "ERP"."ERP_JOB_RESOURCE" VALUES ('184f7d10cea64ceba6c4a372846a7977', '005625372bea49ac9990e708e8b696aa', '338328b151474324b018f67eb129d9a8');
INSERT INTO "ERP"."ERP_JOB_RESOURCE" VALUES ('0a5beab7b7344105a51ce7d668a09a1c', '005625372bea49ac9990e708e8b696aa', 'c3c76111b19f4e888142eaa5e5e08c5a');
INSERT INTO "ERP"."ERP_JOB_RESOURCE" VALUES ('78dd626cb94b4337a6c8b880284548bd', '005625372bea49ac9990e708e8b696aa', '6a0f078b96d84011936920e73357c0f9');
INSERT INTO "ERP"."ERP_JOB_RESOURCE" VALUES ('f3b7769a6b3a4e499e625d4a903b0e72', '005625372bea49ac9990e708e8b696aa', '6099c90ad99d4899964b42fab076d133');
INSERT INTO "ERP"."ERP_JOB_RESOURCE" VALUES ('5abaa7fd2e8a477ea8253f76732f0e10', '005625372bea49ac9990e708e8b696aa', 'fd09606c902546b79cf69cc02b2aa04b');
INSERT INTO "ERP"."ERP_JOB_RESOURCE" VALUES ('0441be3f5005461880721005109c3794', '005625372bea49ac9990e708e8b696aa', '75301cb80be64f4a907df4a437e6c142');
INSERT INTO "ERP"."ERP_JOB_RESOURCE" VALUES ('ca965af598f54f44bbcdc4c413e38301', '005625372bea49ac9990e708e8b696aa', '6b9c705f54074f73ac7c805b01c14341');
INSERT INTO "ERP"."ERP_JOB_RESOURCE" VALUES ('3da2310ac2164fbea2a1380103328799', '005625372bea49ac9990e708e8b696aa', '7c9d6f29eaeb485c88ade89d764e1332');
INSERT INTO "ERP"."ERP_JOB_RESOURCE" VALUES ('3cd7599e6c98459daa85aa72b3115abc', '005625372bea49ac9990e708e8b696aa', '8e180f70dddc427f9d57fadc09c4df3a');
INSERT INTO "ERP"."ERP_JOB_RESOURCE" VALUES ('06ab757dee9743e9842f1d06700f63e5', '005625372bea49ac9990e708e8b696aa', 'a1732ac2b260427b94abf1bff548c25c');
INSERT INTO "ERP"."ERP_JOB_RESOURCE" VALUES ('8c5fe10688604bd59d2a0ac8a8e13e64', '005625372bea49ac9990e708e8b696aa', '718847362f7e4de7b32ce090157eaf24');
INSERT INTO "ERP"."ERP_JOB_RESOURCE" VALUES ('fcea301835664a0b8d032c299f345899', '005625372bea49ac9990e708e8b696aa', '099c8614893c4937a157ee9683723dd7');
INSERT INTO "ERP"."ERP_JOB_RESOURCE" VALUES ('0b2609056ddb43a499c4c20a0bf23147', '005625372bea49ac9990e708e8b696aa', '4869968952fe40f4bcd01a704875cff8');
INSERT INTO "ERP"."ERP_JOB_RESOURCE" VALUES ('20848882ca1b4ab593bdcc89d77d7d65', '005625372bea49ac9990e708e8b696aa', '5edefd1de424439ab2536513b5c26c8f');
INSERT INTO "ERP"."ERP_JOB_RESOURCE" VALUES ('17b7dfae00f8471089895f6e86c63027', '005625372bea49ac9990e708e8b696aa', 'd545698fea944b9897dff0820dc3d6e5');
INSERT INTO "ERP"."ERP_JOB_RESOURCE" VALUES ('a286cfd30c15428faf0838d42fb04067', '005625372bea49ac9990e708e8b696aa', '3cd25a28672f47deba06d510d16453e8');
INSERT INTO "ERP"."ERP_JOB_RESOURCE" VALUES ('1045e11547904e4183e49616d5b05847', '005625372bea49ac9990e708e8b696aa', 'e6c23d1f33c949758d91ce41b084b172');
INSERT INTO "ERP"."ERP_JOB_RESOURCE" VALUES ('809e0a84f8c34afb8441ec94fb19c6a0', '005625372bea49ac9990e708e8b696aa', '73c53ffabdd44bf1810baaa280ece67e');
INSERT INTO "ERP"."ERP_JOB_RESOURCE" VALUES ('615f24e9b0aa416aaee3f9bc73f27603', '005625372bea49ac9990e708e8b696aa', '6d88f5c90cfd433e853fc187bfb411f9');
INSERT INTO "ERP"."ERP_JOB_RESOURCE" VALUES ('36e1eba70bb545ccad02df755f300c65', '005625372bea49ac9990e708e8b696aa', '0a3f9f50435e453ba7e75fdca655d283');
INSERT INTO "ERP"."ERP_JOB_RESOURCE" VALUES ('f5c197fcb03146cfa127a31f8c515434', '005625372bea49ac9990e708e8b696aa', '3ceb96d71e4a4e57ab8a7ec7ebb4d127');
INSERT INTO "ERP"."ERP_JOB_RESOURCE" VALUES ('3c7e6816e0734026a8c955df9de22eae', '005625372bea49ac9990e708e8b696aa', '7ad9b2d47a2e49f1bb84d7c90792a2f6');
INSERT INTO "ERP"."ERP_JOB_RESOURCE" VALUES ('b629c2a07d8540b5a94e2a3b0d1252fd', '005625372bea49ac9990e708e8b696aa', 'e7f78e7d592741a7a42d0db44daed48f');
INSERT INTO "ERP"."ERP_JOB_RESOURCE" VALUES ('468c4dd6efd84a87ac96d164f56c5ca4', '005625372bea49ac9990e708e8b696aa', 'f357e6d5427341d28f69694d6a4f7af2');
INSERT INTO "ERP"."ERP_JOB_RESOURCE" VALUES ('15f3dfa60ed9466595ff1cfa693efd36', '005625372bea49ac9990e708e8b696aa', '3c2e66bd163a4428be0a095086737ad1');
INSERT INTO "ERP"."ERP_JOB_RESOURCE" VALUES ('eacfe81d8fb743ea83df535fd9e5469e', '005625372bea49ac9990e708e8b696aa', 'e05badb7dbb1429a9f445faeaa484409');
INSERT INTO "ERP"."ERP_JOB_RESOURCE" VALUES ('de8dd73241bd42eea4e0ca962e4b024e', '005625372bea49ac9990e708e8b696aa', '3ee8275bb409412e81ddf847289f6a3e');
INSERT INTO "ERP"."ERP_JOB_RESOURCE" VALUES ('ebd963190da04d56bd78af5dd3c13476', '005625372bea49ac9990e708e8b696aa', '17c83224e7284e1480a497deb6f868a8');
INSERT INTO "ERP"."ERP_JOB_RESOURCE" VALUES ('2d4cfae773ce4bb6a3c8ef5ae363b849', '005625372bea49ac9990e708e8b696aa', 'a6fe23fc61294a858f5a0800a043eb18');
INSERT INTO "ERP"."ERP_JOB_RESOURCE" VALUES ('e0a56c8cd3234a63bd633b4f104afafc', '005625372bea49ac9990e708e8b696aa', 'e2c2c883cf2641b4babe7d1fc704f4fa');
INSERT INTO "ERP"."ERP_JOB_RESOURCE" VALUES ('aad5d0cf9b8a4a7f81ac0335ccb47f05', '005625372bea49ac9990e708e8b696aa', '510f3ef41a0e450fb3cca39d30234007');
INSERT INTO "ERP"."ERP_JOB_RESOURCE" VALUES ('fd41bb485ef146e7a5bcc6ac4abf613f', '005625372bea49ac9990e708e8b696aa', '8934c0bb30f2484b9b62f59fae5f7b32');
INSERT INTO "ERP"."ERP_JOB_RESOURCE" VALUES ('474e0fa195b645a1895f182c93724158', '005625372bea49ac9990e708e8b696aa', 'ab206905c31d4f69a2a189a9ac49a357');
INSERT INTO "ERP"."ERP_JOB_RESOURCE" VALUES ('e31a8a2bc404405bb5f3c6305121580b', '005625372bea49ac9990e708e8b696aa', '886cff139b6c45e8b797a25ba8dcf64a');
INSERT INTO "ERP"."ERP_JOB_RESOURCE" VALUES ('2f488ae00eb34ff0bf47a48e003d0552', '005625372bea49ac9990e708e8b696aa', '270e5510e1c946768862ad6b59240269');
INSERT INTO "ERP"."ERP_JOB_RESOURCE" VALUES ('21d958d590284debb75a67e80ec5e390', '005625372bea49ac9990e708e8b696aa', '30e599a434ba4c64b4924be658462c1b');
INSERT INTO "ERP"."ERP_JOB_RESOURCE" VALUES ('b1916788095c4a6e995ce93154424a8a', '005625372bea49ac9990e708e8b696aa', '780eebc4faa444f9a5dfba516387219c');
INSERT INTO "ERP"."ERP_JOB_RESOURCE" VALUES ('dd282ea13f694342a8ce87819c06073d', '005625372bea49ac9990e708e8b696aa', 'b77a5ef81d0e45dcbd95127f4499e88d');
INSERT INTO "ERP"."ERP_JOB_RESOURCE" VALUES ('29e568b383ba44189e72ca6261433aee', '005625372bea49ac9990e708e8b696aa', '1a80d016356f4575824b13c1038fc81b');
INSERT INTO "ERP"."ERP_JOB_RESOURCE" VALUES ('6d9d3d17ca1f434a9369aff51eaee25a', '005625372bea49ac9990e708e8b696aa', '5eab81c823fa4025b8b5c1928f59e840');
INSERT INTO "ERP"."ERP_JOB_RESOURCE" VALUES ('7ca506907e98429f832b2d9aea3236e9', '005625372bea49ac9990e708e8b696aa', '40c6b3fae26d4f709608359b2b445dc0');
INSERT INTO "ERP"."ERP_JOB_RESOURCE" VALUES ('9202e0a5858f46b1bca37b9caf5130a8', '005625372bea49ac9990e708e8b696aa', 'e9d9a254842546beba274cd8a8f02fcf');
INSERT INTO "ERP"."ERP_JOB_RESOURCE" VALUES ('ee8346df0f8747c593e504598fa3d24c', '005625372bea49ac9990e708e8b696aa', '517102a13de346e382a1f96f1091af82');
INSERT INTO "ERP"."ERP_JOB_RESOURCE" VALUES ('dd714ddb644648a39ed3907d804e9899', '005625372bea49ac9990e708e8b696aa', '26152974a4ed44cda4fabbc56955a1ac');
INSERT INTO "ERP"."ERP_JOB_RESOURCE" VALUES ('1f4feac1ea094bfcb55d6f54d3f266c4', '005625372bea49ac9990e708e8b696aa', '28d5155ba80e458982ce197e7eefe782');
INSERT INTO "ERP"."ERP_JOB_RESOURCE" VALUES ('371ae581db904f938ebdce9f9d790517', '005625372bea49ac9990e708e8b696aa', '8ff1a072da454e1390071a07e6c98e27');
INSERT INTO "ERP"."ERP_JOB_RESOURCE" VALUES ('a286feb5f2c94c13984c4b8b103fc378', '005625372bea49ac9990e708e8b696aa', '95ff0b7866754807811a4dc38f075fea');
INSERT INTO "ERP"."ERP_JOB_RESOURCE" VALUES ('8fde80ad396d4baabb761c0bcb15e0ff', '005625372bea49ac9990e708e8b696aa', 'e381aed36ded4c85b4888eefc2a5cb6c');
INSERT INTO "ERP"."ERP_JOB_RESOURCE" VALUES ('f7a04d2d03f34c5bbb1dda441300d30c', '005625372bea49ac9990e708e8b696aa', '7434b7650af64c63aa7c067d30da25c2');
INSERT INTO "ERP"."ERP_JOB_RESOURCE" VALUES ('99a8b08579a44ec7ae28ffaaee70991f', '005625372bea49ac9990e708e8b696aa', '81c313adb4cb4ba7b5a1242704bfa7b5');
INSERT INTO "ERP"."ERP_JOB_RESOURCE" VALUES ('9de859f7a4664f0c96a693381bab2376', '005625372bea49ac9990e708e8b696aa', '5af039f080104e50840c2661e8a4e696');
INSERT INTO "ERP"."ERP_JOB_RESOURCE" VALUES ('7fb6089a124147158e2e640418376e40', '005625372bea49ac9990e708e8b696aa', '3f5eb279503a4d0abb0147b718386f47');
INSERT INTO "ERP"."ERP_JOB_RESOURCE" VALUES ('c986a6f67e024ae3a985c67d93f26181', '005625372bea49ac9990e708e8b696aa', 'f7d8cbf73e184556aaf4cc55b6864491');
INSERT INTO "ERP"."ERP_JOB_RESOURCE" VALUES ('90f080da611c487fba7f34047801429a', '005625372bea49ac9990e708e8b696aa', '044ad0b171724dd682c081d42b85d046');
INSERT INTO "ERP"."ERP_JOB_RESOURCE" VALUES ('8626c48f10174229848343cc3a78cffd', '005625372bea49ac9990e708e8b696aa', '3fad88a0041948cbb1eb9bbea7edf86c');
INSERT INTO "ERP"."ERP_JOB_RESOURCE" VALUES ('7ca0a9b188dc4375a4f4329c32f58943', '005625372bea49ac9990e708e8b696aa', '46964c019f0342f0a6ac544fcf0231e5');
INSERT INTO "ERP"."ERP_JOB_RESOURCE" VALUES ('f4375b7fdde849e6a1253288819e71df', '005625372bea49ac9990e708e8b696aa', '35a763013ea54658810e6529dbd20aa6');
INSERT INTO "ERP"."ERP_JOB_RESOURCE" VALUES ('3e0723202ea04ba2845fdffefb375819', '005625372bea49ac9990e708e8b696aa', '26cf0fa8b7c34650bd97564789a2b58f');
INSERT INTO "ERP"."ERP_JOB_RESOURCE" VALUES ('3596dc4bd2d041de82a77bf2ed84ad31', '005625372bea49ac9990e708e8b696aa', 'c6e8770004124ad9ba6794d04972e822');
INSERT INTO "ERP"."ERP_JOB_RESOURCE" VALUES ('6cd4d2c84cea445b9cc3eafd4f1da120', '005625372bea49ac9990e708e8b696aa', '413b3175c7a14562b47063c35d7d9f15');
INSERT INTO "ERP"."ERP_JOB_RESOURCE" VALUES ('9eca66bd0896432dae8e8729fb03c634', '005625372bea49ac9990e708e8b696aa', 'e7419b86ec634b5a890a6838f6722d9d');
INSERT INTO "ERP"."ERP_JOB_RESOURCE" VALUES ('77f822ab69dd40a6b0af8d9eef915690', '005625372bea49ac9990e708e8b696aa', '57c179bceb134b8a93ca08e00ca353d5');
INSERT INTO "ERP"."ERP_JOB_RESOURCE" VALUES ('99b8a9fb619c44fe8af2fe79c66784df', '005625372bea49ac9990e708e8b696aa', '7586335576994533a9d743d41d9b1b10');
INSERT INTO "ERP"."ERP_JOB_RESOURCE" VALUES ('3d642a77b18742d7a9076f48e13722b9', '005625372bea49ac9990e708e8b696aa', '5d204b6f95284cd5b3db4b4125f8b9fa');
INSERT INTO "ERP"."ERP_JOB_RESOURCE" VALUES ('e169ca7dd6324bca9bf5cea5e669b7bc', '005625372bea49ac9990e708e8b696aa', '55346d6772984fe88cf17b9462f01ce1');
INSERT INTO "ERP"."ERP_JOB_RESOURCE" VALUES ('867a0f054eb04eb3a970c8c7cc3cb826', '005625372bea49ac9990e708e8b696aa', '72d62849eb7c46bdbcda5f17fd985049');
INSERT INTO "ERP"."ERP_JOB_RESOURCE" VALUES ('13523b6fb7d9422cb5a2cb5c91532fc5', '005625372bea49ac9990e708e8b696aa', '21d0971289e64aa990464ca15e9f509a');
INSERT INTO "ERP"."ERP_JOB_RESOURCE" VALUES ('259a20e77fce447b882ec632e8b06af2', '005625372bea49ac9990e708e8b696aa', '10438c06773e41acbf74d199a0bc2374');
INSERT INTO "ERP"."ERP_JOB_RESOURCE" VALUES ('c44862d2ba0d4f8790d8aa56f562b8c6', '005625372bea49ac9990e708e8b696aa', 'c1f1fac6518e4097b21827778fed5c22');
INSERT INTO "ERP"."ERP_JOB_RESOURCE" VALUES ('41c08d5bd949436a817a9d39b041d7a3', '005625372bea49ac9990e708e8b696aa', 'fea6c642fd3740d290eb39e479da47db');
INSERT INTO "ERP"."ERP_JOB_RESOURCE" VALUES ('cdaf8966ded34b8bacce8168a9370305', '005625372bea49ac9990e708e8b696aa', 'f76f09438f8b45c899f6ec52e4132931');
INSERT INTO "ERP"."ERP_JOB_RESOURCE" VALUES ('8bbee8a29d70497fb0fe2592b61cf77b', '005625372bea49ac9990e708e8b696aa', '94392d57d38a4187b973da25e836b528');
INSERT INTO "ERP"."ERP_JOB_RESOURCE" VALUES ('47576edf32b14353b051f8412008b9e8', '005625372bea49ac9990e708e8b696aa', '420e31827c9445bca96f07b25172f32b');
INSERT INTO "ERP"."ERP_JOB_RESOURCE" VALUES ('b9e670947d894f40897b37e2c268e71f', '005625372bea49ac9990e708e8b696aa', 'c0f862fe07464a0bad6acde67d8fc980');
INSERT INTO "ERP"."ERP_JOB_RESOURCE" VALUES ('b54c28191425404a85a85be9785977cb', '005625372bea49ac9990e708e8b696aa', '90b3c401e890484e9983cedba0d0bd8b');
INSERT INTO "ERP"."ERP_JOB_RESOURCE" VALUES ('8761b0dcd5114986807307cce9649745', '005625372bea49ac9990e708e8b696aa', '299d1e3f98fd40988b68568ad85c5ddc');
INSERT INTO "ERP"."ERP_JOB_RESOURCE" VALUES ('e6532e8e9c824861a580ec7a83296fa8', '005625372bea49ac9990e708e8b696aa', '2e673bd9c70043f88e8cecee42a63439');
INSERT INTO "ERP"."ERP_JOB_RESOURCE" VALUES ('344dc02368054d7096c466fd4fa414f8', '005625372bea49ac9990e708e8b696aa', 'e8afd183b3b74ea293aabb9bdd6e4fc6');
INSERT INTO "ERP"."ERP_JOB_RESOURCE" VALUES ('cd7caf51ab49470f8036a70db3a1b3af', '005625372bea49ac9990e708e8b696aa', '74dd8d52ded54fc8a3b6f648a365f4f6');
INSERT INTO "ERP"."ERP_JOB_RESOURCE" VALUES ('b872c16a7b3742f5b26cf43b7136d586', '005625372bea49ac9990e708e8b696aa', 'd29f2f9c1f4d466dba7d564f5fd53b7e');
INSERT INTO "ERP"."ERP_JOB_RESOURCE" VALUES ('702822be014348868b25b4bc8a679401', '005625372bea49ac9990e708e8b696aa', '7d6a1bd7ae3b4f8096ca88462e1537f1');
INSERT INTO "ERP"."ERP_JOB_RESOURCE" VALUES ('d9a85f165e7448f492367542479fb061', '005625372bea49ac9990e708e8b696aa', '05ce504bc1a04e96bf6e499b8633cf3b');
INSERT INTO "ERP"."ERP_JOB_RESOURCE" VALUES ('0a1659639d4745789e95c0ca869523bb', '005625372bea49ac9990e708e8b696aa', 'b0a548cab00b4ae7a54f9582b89c239c');
INSERT INTO "ERP"."ERP_JOB_RESOURCE" VALUES ('f3d5682badaf4c15a8d45f2c73382c6f', '005625372bea49ac9990e708e8b696aa', 'fdc99db66bf54a559efdc881a61e895e');
INSERT INTO "ERP"."ERP_JOB_RESOURCE" VALUES ('a110d52d01254dd28286c177ccdc4077', '005625372bea49ac9990e708e8b696aa', '2e2158da63784d6db77cab2490d8c08c');
INSERT INTO "ERP"."ERP_JOB_RESOURCE" VALUES ('8741df87a3544e89b6e2dc2b3b2d7673', 'ea26d2394a1342e0940e5b40c1e51ed3', '3ee8275bb409412e81ddf847289f6a3e');
INSERT INTO "ERP"."ERP_JOB_RESOURCE" VALUES ('3ed097e5a50d40c08ffd335d7b0ea2cc', 'ea26d2394a1342e0940e5b40c1e51ed3', '17c83224e7284e1480a497deb6f868a8');
INSERT INTO "ERP"."ERP_JOB_RESOURCE" VALUES ('cd5be57bb8a142799110610a4270ebe4', 'ea26d2394a1342e0940e5b40c1e51ed3', 'a6fe23fc61294a858f5a0800a043eb18');
INSERT INTO "ERP"."ERP_JOB_RESOURCE" VALUES ('b5ea5a2e60e3477f957fd8f972655762', 'ea26d2394a1342e0940e5b40c1e51ed3', 'e2c2c883cf2641b4babe7d1fc704f4fa');
INSERT INTO "ERP"."ERP_JOB_RESOURCE" VALUES ('8eea5e8c8a16464c8c082eba60ca6424', 'ea26d2394a1342e0940e5b40c1e51ed3', '510f3ef41a0e450fb3cca39d30234007');
INSERT INTO "ERP"."ERP_JOB_RESOURCE" VALUES ('6e642d0d2ecd4a948bc83ec7c10a8adb', 'ea26d2394a1342e0940e5b40c1e51ed3', '8934c0bb30f2484b9b62f59fae5f7b32');
INSERT INTO "ERP"."ERP_JOB_RESOURCE" VALUES ('6a617a187f2541029b258e535504fadc', 'ea26d2394a1342e0940e5b40c1e51ed3', 'ab206905c31d4f69a2a189a9ac49a357');
INSERT INTO "ERP"."ERP_JOB_RESOURCE" VALUES ('81e752b3114d49e09ded7209065cb087', 'ea26d2394a1342e0940e5b40c1e51ed3', '886cff139b6c45e8b797a25ba8dcf64a');
INSERT INTO "ERP"."ERP_JOB_RESOURCE" VALUES ('76cab8d1f68a44758c5b752667a1dcd3', 'ea26d2394a1342e0940e5b40c1e51ed3', '270e5510e1c946768862ad6b59240269');
INSERT INTO "ERP"."ERP_JOB_RESOURCE" VALUES ('c6cd9b1ec93f487383f718241967b3bc', 'ea26d2394a1342e0940e5b40c1e51ed3', '30e599a434ba4c64b4924be658462c1b');
INSERT INTO "ERP"."ERP_JOB_RESOURCE" VALUES ('605b3331a0e248b99dbb9121cf49ad7a', 'ea26d2394a1342e0940e5b40c1e51ed3', '780eebc4faa444f9a5dfba516387219c');
INSERT INTO "ERP"."ERP_JOB_RESOURCE" VALUES ('48869b2a33764016b6f4ad2b4f736f39', 'ea26d2394a1342e0940e5b40c1e51ed3', 'b77a5ef81d0e45dcbd95127f4499e88d');
INSERT INTO "ERP"."ERP_JOB_RESOURCE" VALUES ('cdb474b63c6045e5bd05440b9e5b0759', 'ea26d2394a1342e0940e5b40c1e51ed3', '1a80d016356f4575824b13c1038fc81b');
INSERT INTO "ERP"."ERP_JOB_RESOURCE" VALUES ('5bb8375937d34dbfa255730c4147ed68', 'ea26d2394a1342e0940e5b40c1e51ed3', '5eab81c823fa4025b8b5c1928f59e840');
INSERT INTO "ERP"."ERP_JOB_RESOURCE" VALUES ('d5d0f24a315d4eda8a75dd2749488f8a', 'ea26d2394a1342e0940e5b40c1e51ed3', '40c6b3fae26d4f709608359b2b445dc0');
INSERT INTO "ERP"."ERP_JOB_RESOURCE" VALUES ('b4a31fb1e2ec4dac899605f9c618ce3b', 'ea26d2394a1342e0940e5b40c1e51ed3', 'e9d9a254842546beba274cd8a8f02fcf');
INSERT INTO "ERP"."ERP_JOB_RESOURCE" VALUES ('dfdeec7ef3e14c59b2dc0fadcd28f2b4', 'ea26d2394a1342e0940e5b40c1e51ed3', '517102a13de346e382a1f96f1091af82');
INSERT INTO "ERP"."ERP_JOB_RESOURCE" VALUES ('fd1be553735e4eae9dafc380206591d1', 'ea26d2394a1342e0940e5b40c1e51ed3', '26152974a4ed44cda4fabbc56955a1ac');
INSERT INTO "ERP"."ERP_JOB_RESOURCE" VALUES ('676a9834c7c948618885c15e3e345fd4', 'ea26d2394a1342e0940e5b40c1e51ed3', '28d5155ba80e458982ce197e7eefe782');
INSERT INTO "ERP"."ERP_JOB_RESOURCE" VALUES ('4714444eff5844c5863d171c03f6e0c3', 'ea26d2394a1342e0940e5b40c1e51ed3', '8ff1a072da454e1390071a07e6c98e27');
INSERT INTO "ERP"."ERP_JOB_RESOURCE" VALUES ('5c483ef39a3749cca6fc3589595d7556', 'ea26d2394a1342e0940e5b40c1e51ed3', '95ff0b7866754807811a4dc38f075fea');
INSERT INTO "ERP"."ERP_JOB_RESOURCE" VALUES ('9efd2360a4924f7eb5cee91c43ae65b2', 'ea26d2394a1342e0940e5b40c1e51ed3', 'e381aed36ded4c85b4888eefc2a5cb6c');
INSERT INTO "ERP"."ERP_JOB_RESOURCE" VALUES ('e7330053e499469483615b996097841f', 'ea26d2394a1342e0940e5b40c1e51ed3', '7434b7650af64c63aa7c067d30da25c2');
INSERT INTO "ERP"."ERP_JOB_RESOURCE" VALUES ('797627e85a2d45cead42ab0be3102f9a', 'ea26d2394a1342e0940e5b40c1e51ed3', '81c313adb4cb4ba7b5a1242704bfa7b5');
INSERT INTO "ERP"."ERP_JOB_RESOURCE" VALUES ('97744c3d56fe406d8416f8d23d38aff6', 'ea26d2394a1342e0940e5b40c1e51ed3', '5af039f080104e50840c2661e8a4e696');
INSERT INTO "ERP"."ERP_JOB_RESOURCE" VALUES ('d10d19eb0b25450ab52a930cbb2a4a59', 'ea26d2394a1342e0940e5b40c1e51ed3', '3f5eb279503a4d0abb0147b718386f47');
INSERT INTO "ERP"."ERP_JOB_RESOURCE" VALUES ('317e58a5591347b9a5c5ed023949fe8c', 'ea26d2394a1342e0940e5b40c1e51ed3', 'f7d8cbf73e184556aaf4cc55b6864491');
INSERT INTO "ERP"."ERP_JOB_RESOURCE" VALUES ('a59c13a9cc5c430b8f8ad13e6c4124ba', 'ea26d2394a1342e0940e5b40c1e51ed3', '044ad0b171724dd682c081d42b85d046');
INSERT INTO "ERP"."ERP_JOB_RESOURCE" VALUES ('ddef796e27e245a68bf9b7f14f7aac65', 'ea26d2394a1342e0940e5b40c1e51ed3', '3fad88a0041948cbb1eb9bbea7edf86c');
INSERT INTO "ERP"."ERP_JOB_RESOURCE" VALUES ('dd479b80971043cf8b3ce34e498edd99', 'd5c966da3d1d48108cfd28824e059e02', '46964c019f0342f0a6ac544fcf0231e5');
INSERT INTO "ERP"."ERP_JOB_RESOURCE" VALUES ('6ad840b7901b44f0906435d042664a8b', 'd5c966da3d1d48108cfd28824e059e02', '35a763013ea54658810e6529dbd20aa6');
INSERT INTO "ERP"."ERP_JOB_RESOURCE" VALUES ('1eb3731a0eba475998d85f7f35b8695c', 'd5c966da3d1d48108cfd28824e059e02', '26cf0fa8b7c34650bd97564789a2b58f');
INSERT INTO "ERP"."ERP_JOB_RESOURCE" VALUES ('719ea85176824c81b0396e8d0d0a19ea', 'd5c966da3d1d48108cfd28824e059e02', 'c6e8770004124ad9ba6794d04972e822');
INSERT INTO "ERP"."ERP_JOB_RESOURCE" VALUES ('7821aa10a48c432886ecd9cb1da4ccca', 'd5c966da3d1d48108cfd28824e059e02', '413b3175c7a14562b47063c35d7d9f15');
INSERT INTO "ERP"."ERP_JOB_RESOURCE" VALUES ('6d588b96627d4804955c4a4753c30d41', 'd5c966da3d1d48108cfd28824e059e02', 'e7419b86ec634b5a890a6838f6722d9d');
INSERT INTO "ERP"."ERP_JOB_RESOURCE" VALUES ('67ab25448f224c4bb9acfd5f7d8cd398', 'd5c966da3d1d48108cfd28824e059e02', '57c179bceb134b8a93ca08e00ca353d5');
INSERT INTO "ERP"."ERP_JOB_RESOURCE" VALUES ('34ce0253b2cf49d7848405508fd3fb35', 'd5c966da3d1d48108cfd28824e059e02', '7586335576994533a9d743d41d9b1b10');
INSERT INTO "ERP"."ERP_JOB_RESOURCE" VALUES ('a9eabfcb3a3b4e869264fab39707e774', 'd5c966da3d1d48108cfd28824e059e02', '5d204b6f95284cd5b3db4b4125f8b9fa');
INSERT INTO "ERP"."ERP_JOB_RESOURCE" VALUES ('cdda11bbb45f43948e9f0dce35edd7cf', 'd5c966da3d1d48108cfd28824e059e02', '55346d6772984fe88cf17b9462f01ce1');
INSERT INTO "ERP"."ERP_JOB_RESOURCE" VALUES ('57527b2fc93d48129fba18ccdc2d1040', 'd5c966da3d1d48108cfd28824e059e02', '72d62849eb7c46bdbcda5f17fd985049');
INSERT INTO "ERP"."ERP_JOB_RESOURCE" VALUES ('c07ca784d19a4ae48f5f9813818bbd0c', 'd5c966da3d1d48108cfd28824e059e02', '21d0971289e64aa990464ca15e9f509a');
INSERT INTO "ERP"."ERP_JOB_RESOURCE" VALUES ('988aeb568a4c4f6bb2e286f1a927360b', 'd5c966da3d1d48108cfd28824e059e02', '10438c06773e41acbf74d199a0bc2374');
INSERT INTO "ERP"."ERP_JOB_RESOURCE" VALUES ('014fc80c9e1d49a88e20f65a538141ba', 'd5c966da3d1d48108cfd28824e059e02', 'c1f1fac6518e4097b21827778fed5c22');
INSERT INTO "ERP"."ERP_JOB_RESOURCE" VALUES ('3903d1525d1a42c1a476bf9a396d161c', 'd5c966da3d1d48108cfd28824e059e02', 'fea6c642fd3740d290eb39e479da47db');
INSERT INTO "ERP"."ERP_JOB_RESOURCE" VALUES ('3670a6fc5b214df8a2126ae2408e6ccb', 'd5c966da3d1d48108cfd28824e059e02', 'f76f09438f8b45c899f6ec52e4132931');
INSERT INTO "ERP"."ERP_JOB_RESOURCE" VALUES ('ce42eaa372774852a29eb5368f5da65a', 'd5c966da3d1d48108cfd28824e059e02', '94392d57d38a4187b973da25e836b528');
INSERT INTO "ERP"."ERP_JOB_RESOURCE" VALUES ('7cb9377bf6594e81bb72066c09037c1e', 'd5c966da3d1d48108cfd28824e059e02', '420e31827c9445bca96f07b25172f32b');
INSERT INTO "ERP"."ERP_JOB_RESOURCE" VALUES ('8ecbab2b4bd540be9a1a80f38b865e8a', 'd5c966da3d1d48108cfd28824e059e02', 'c0f862fe07464a0bad6acde67d8fc980');
INSERT INTO "ERP"."ERP_JOB_RESOURCE" VALUES ('59b7380ef5fb480a995ebaa709ef4a98', 'd5c966da3d1d48108cfd28824e059e02', '90b3c401e890484e9983cedba0d0bd8b');
INSERT INTO "ERP"."ERP_JOB_RESOURCE" VALUES ('808f7765b0aa4dee87f0f94701684a80', 'd5c966da3d1d48108cfd28824e059e02', '299d1e3f98fd40988b68568ad85c5ddc');
INSERT INTO "ERP"."ERP_JOB_RESOURCE" VALUES ('5474847181084308911cb510bf33ecac', 'd5c966da3d1d48108cfd28824e059e02', '2e673bd9c70043f88e8cecee42a63439');
INSERT INTO "ERP"."ERP_JOB_RESOURCE" VALUES ('89952b0b7110442eabe2329b6784f6f5', 'd5c966da3d1d48108cfd28824e059e02', 'e8afd183b3b74ea293aabb9bdd6e4fc6');
INSERT INTO "ERP"."ERP_JOB_RESOURCE" VALUES ('05ce38cd2ad74e31b77a6a00d8b33704', 'd5c966da3d1d48108cfd28824e059e02', '74dd8d52ded54fc8a3b6f648a365f4f6');
INSERT INTO "ERP"."ERP_JOB_RESOURCE" VALUES ('18fbc2de69854466a5a74dfce8f8f5bb', 'd5c966da3d1d48108cfd28824e059e02', 'd29f2f9c1f4d466dba7d564f5fd53b7e');
INSERT INTO "ERP"."ERP_JOB_RESOURCE" VALUES ('70dda7066f3540af8b53932fbcf6e3d4', 'd5c966da3d1d48108cfd28824e059e02', '7d6a1bd7ae3b4f8096ca88462e1537f1');
INSERT INTO "ERP"."ERP_JOB_RESOURCE" VALUES ('a937977b754a4dadaad182c5d3d08dde', 'd5c966da3d1d48108cfd28824e059e02', '05ce504bc1a04e96bf6e499b8633cf3b');
INSERT INTO "ERP"."ERP_JOB_RESOURCE" VALUES ('713984749b3e472d82b924b8507b80e0', 'd5c966da3d1d48108cfd28824e059e02', 'b0a548cab00b4ae7a54f9582b89c239c');
INSERT INTO "ERP"."ERP_JOB_RESOURCE" VALUES ('27148fa3b93642a793fef0dbc530b276', 'd5c966da3d1d48108cfd28824e059e02', 'fdc99db66bf54a559efdc881a61e895e');
INSERT INTO "ERP"."ERP_JOB_RESOURCE" VALUES ('2db145c2f8974efb9bb48a6c456fba29', 'd5c966da3d1d48108cfd28824e059e02', '2e2158da63784d6db77cab2490d8c08c');
INSERT INTO "ERP"."ERP_JOB_RESOURCE" VALUES ('423629655f9b4fb7b40bd0876becfc93', 'd5c966da3d1d48108cfd28824e059e02', 'ec9f5d7ec6e94ea79ebdce5863898d79');
INSERT INTO "ERP"."ERP_JOB_RESOURCE" VALUES ('0598eacd121844e093748bdee76cb49f', 'd5c966da3d1d48108cfd28824e059e02', '617d15b953244b0f94c26e0ec4893445');
INSERT INTO "ERP"."ERP_JOB_RESOURCE" VALUES ('339661ee92f34dbfb750e09c89a36a6f', 'd5c966da3d1d48108cfd28824e059e02', 'fba142ec1e2148dfb8123b8370d0a336');
INSERT INTO "ERP"."ERP_JOB_RESOURCE" VALUES ('1e380269d1094d6e85e470dbdbc9764e', 'd5c966da3d1d48108cfd28824e059e02', '50354a4daf964e539baafa2506f4ced0');
INSERT INTO "ERP"."ERP_JOB_RESOURCE" VALUES ('68fb79b3ed6545f5a5c46ce351aca7be', 'd5c966da3d1d48108cfd28824e059e02', '5d331083df6e4eeea2b1857da49389bc');
INSERT INTO "ERP"."ERP_JOB_RESOURCE" VALUES ('6987fbc417dd4087bcbfc1fe21dab499', 'd5c966da3d1d48108cfd28824e059e02', 'dc422f2909ac40ed8865a7e6de65353f');
INSERT INTO "ERP"."ERP_JOB_RESOURCE" VALUES ('fde8b971ef1d4657bdbdb86325f59e5e', 'd5c966da3d1d48108cfd28824e059e02', 'f30454a04e514ed89e5d7081e3424aa5');
INSERT INTO "ERP"."ERP_JOB_RESOURCE" VALUES ('f82b6563d7a34dc18817391f578823de', 'd5c966da3d1d48108cfd28824e059e02', '0ed93dc44f6e4a738097cd4af06d73b7');
INSERT INTO "ERP"."ERP_JOB_RESOURCE" VALUES ('5076d848968748cf8b71d57f5c17ceae', 'd5c966da3d1d48108cfd28824e059e02', '4a925ea07bcf4df5b98be2fea813db66');
INSERT INTO "ERP"."ERP_JOB_RESOURCE" VALUES ('fc83c054eaa44990a44399c61539faa0', 'd5c966da3d1d48108cfd28824e059e02', '5af1c072479349219c5955b0ef22e80f');
INSERT INTO "ERP"."ERP_JOB_RESOURCE" VALUES ('0181c363c41f421aa8de48cd49402767', 'd5c966da3d1d48108cfd28824e059e02', '03a802f5f02341e2af283ee97956afca');
INSERT INTO "ERP"."ERP_JOB_RESOURCE" VALUES ('21b0d5fb4e874ec683d7420b320e3911', 'd5c966da3d1d48108cfd28824e059e02', 'f62fc084467243c7bf0b9b6b0bb020ca');
INSERT INTO "ERP"."ERP_JOB_RESOURCE" VALUES ('c9e91b4dca4c4314ac92ee16a5e12d77', 'd5c966da3d1d48108cfd28824e059e02', '8e5c1af8cade40ff865bfdf47e9bbc19');
INSERT INTO "ERP"."ERP_JOB_RESOURCE" VALUES ('31dd0a60a22549e1938e1d2ceb064006', '005625372bea49ac9990e708e8b696aa', 'ec9f5d7ec6e94ea79ebdce5863898d79');
INSERT INTO "ERP"."ERP_JOB_RESOURCE" VALUES ('5b127afdb8fa4a00a7bb4daf74264f39', '005625372bea49ac9990e708e8b696aa', '617d15b953244b0f94c26e0ec4893445');
INSERT INTO "ERP"."ERP_JOB_RESOURCE" VALUES ('69e792a7630845e7beada9df6abb87ff', '005625372bea49ac9990e708e8b696aa', 'fba142ec1e2148dfb8123b8370d0a336');
INSERT INTO "ERP"."ERP_JOB_RESOURCE" VALUES ('6120c4229f334b7ebb3d96ff15098e15', '005625372bea49ac9990e708e8b696aa', '50354a4daf964e539baafa2506f4ced0');
INSERT INTO "ERP"."ERP_JOB_RESOURCE" VALUES ('4d6c1f97d6e043d6a26dec7944b52744', '005625372bea49ac9990e708e8b696aa', '5d331083df6e4eeea2b1857da49389bc');
INSERT INTO "ERP"."ERP_JOB_RESOURCE" VALUES ('bea1340f9a20447caf5ef4d77ddbb726', '005625372bea49ac9990e708e8b696aa', 'dc422f2909ac40ed8865a7e6de65353f');
INSERT INTO "ERP"."ERP_JOB_RESOURCE" VALUES ('640dc47000f24d2bbe7e1aa0f1aece5f', '005625372bea49ac9990e708e8b696aa', 'f30454a04e514ed89e5d7081e3424aa5');
INSERT INTO "ERP"."ERP_JOB_RESOURCE" VALUES ('0b997a9a4e9740409aaa681eee8986e1', '005625372bea49ac9990e708e8b696aa', '0ed93dc44f6e4a738097cd4af06d73b7');
INSERT INTO "ERP"."ERP_JOB_RESOURCE" VALUES ('fb5e6f0cf76c47a0883a40322cfeb366', '005625372bea49ac9990e708e8b696aa', '4a925ea07bcf4df5b98be2fea813db66');
INSERT INTO "ERP"."ERP_JOB_RESOURCE" VALUES ('0e8e4f79709c4924a026f35bc6ba1de2', '005625372bea49ac9990e708e8b696aa', '5af1c072479349219c5955b0ef22e80f');
INSERT INTO "ERP"."ERP_JOB_RESOURCE" VALUES ('c8de62824b1d4628bc682eef3717065a', '005625372bea49ac9990e708e8b696aa', '03a802f5f02341e2af283ee97956afca');
INSERT INTO "ERP"."ERP_JOB_RESOURCE" VALUES ('85c564f46f394a4bb21927205af2e5f0', '005625372bea49ac9990e708e8b696aa', 'f62fc084467243c7bf0b9b6b0bb020ca');
INSERT INTO "ERP"."ERP_JOB_RESOURCE" VALUES ('f104f84b44804393a9e340cc2a33bae1', '005625372bea49ac9990e708e8b696aa', '8e5c1af8cade40ff865bfdf47e9bbc19');
INSERT INTO "ERP"."ERP_JOB_RESOURCE" VALUES ('e91c6ed187e549a58388a351ac351ef6', '005625372bea49ac9990e708e8b696aa', '5f7c45cd4d664bb595ad5b11df77d363');
INSERT INTO "ERP"."ERP_JOB_RESOURCE" VALUES ('08fdfbf8051a4a258b7d59ac0da4b3d7', '005625372bea49ac9990e708e8b696aa', '16df8ee31bc540ab8702257d1010c216');
INSERT INTO "ERP"."ERP_JOB_RESOURCE" VALUES ('8909a4d4cf304c2dac4f32fb65a3ef2a', '005625372bea49ac9990e708e8b696aa', '8e83e47c9f9c41409e5c7af1076309d8');
INSERT INTO "ERP"."ERP_JOB_RESOURCE" VALUES ('c5283064928a47b9858cfd016940b2ee', '005625372bea49ac9990e708e8b696aa', '27d05742fb7645bbab4ca30fe6919fd5');
INSERT INTO "ERP"."ERP_JOB_RESOURCE" VALUES ('2531ba4b0d7a48afa5be602b7dbeb897', '005625372bea49ac9990e708e8b696aa', '5bec0e00f7f2417f8aa606679e6fca34');

-- ----------------------------
-- Table structure for ERP_JOB_USER
-- ----------------------------
DROP TABLE "ERP"."ERP_JOB_USER";
CREATE TABLE "ERP"."ERP_JOB_USER" (
"ID" CHAR(32 BYTE) NOT NULL ,
"JOB_ID" CHAR(32 BYTE) NOT NULL ,
"USER_ID" CHAR(32 BYTE) NOT NULL 
)
LOGGING
NOCOMPRESS
NOCACHE

;

-- ----------------------------
-- Records of ERP_JOB_USER
-- ----------------------------
INSERT INTO "ERP"."ERP_JOB_USER" VALUES ('24943a5a6e9c4c4e8f794191cdf4a7ff', 'd5c966da3d1d48108cfd28824e059e02', '410085a1464d4e63822f450a3e289077');
INSERT INTO "ERP"."ERP_JOB_USER" VALUES ('33515a5e76974dd7b1f0119618aeba0f', '005625372bea49ac9990e708e8b696aa', '0e3c77163bf842479cc7e9a93071c069');
INSERT INTO "ERP"."ERP_JOB_USER" VALUES ('44fe637afe544e7f8ef934b3a8818fef', 'ea26d2394a1342e0940e5b40c1e51ed3', '36cddad563504b1cab3331afd32de63b');
INSERT INTO "ERP"."ERP_JOB_USER" VALUES ('183a23473601440d8f9874bec8ce1c55', 'd5c966da3d1d48108cfd28824e059e02', '9fb1d133050046a59cdd00701946f14d');
INSERT INTO "ERP"."ERP_JOB_USER" VALUES ('dc16c7b2f11e4f49883373da2d0c7fb3', 'a6774b8a98554dbdaf206188e6541b54', '534b50470f09456cbb696d18ba49cf4b');
INSERT INTO "ERP"."ERP_JOB_USER" VALUES ('b4a9842e9255416f8260af43fa3909f6', '71111cb9f07048409342d5b086e32146', '5a257cfa80e3434fb203bdcf954f2313');

-- ----------------------------
-- Table structure for ERP_ORGANIZATION
-- ----------------------------
DROP TABLE "ERP"."ERP_ORGANIZATION";
CREATE TABLE "ERP"."ERP_ORGANIZATION" (
"ORGANIZATION_ID" CHAR(32 BYTE) NOT NULL ,
"NAME" VARCHAR2(50 BYTE) NULL ,
"ADDRESS" VARCHAR2(255 BYTE) NULL ,
"STATE" CHAR(1 BYTE) NULL 
)
LOGGING
NOCOMPRESS
NOCACHE

;

-- ----------------------------
-- Records of ERP_ORGANIZATION
-- ----------------------------
INSERT INTO "ERP"."ERP_ORGANIZATION" VALUES ('9659279783b744598fd4b4e4dc08790a', '郑州开拓者总公司', '郑州', 'A');
INSERT INTO "ERP"."ERP_ORGANIZATION" VALUES ('2a5925f176394f16911cdfe481010a99', '洛阳开拓者二号分公司', '洛阳', 'A');

-- ----------------------------
-- Table structure for ERP_PO_GOODS
-- ----------------------------
DROP TABLE "ERP"."ERP_PO_GOODS";
CREATE TABLE "ERP"."ERP_PO_GOODS" (
"ID" CHAR(32 BYTE) NOT NULL ,
"GOODS_ID" CHAR(13 BYTE) NULL ,
"GOODS_NUM" NUMBER(7) NULL ,
"GOODS_PRICES" NUMBER(8) NULL ,
"REMARK" VARCHAR2(300 BYTE) NULL ,
"PO_ID" CHAR(13 BYTE) NULL 
)
LOGGING
NOCOMPRESS
NOCACHE

;

-- ----------------------------
-- Records of ERP_PO_GOODS
-- ----------------------------
INSERT INTO "ERP"."ERP_PO_GOODS" VALUES ('b7f378ef106c400b9af7909797a0170c', '1476336632957', '34', '4200', '惠普电脑', '1476336752841');
INSERT INTO "ERP"."ERP_PO_GOODS" VALUES ('095ee54d714944ffb4cfad358524f403', '1476336687956', '50', '20', '数据线明天要', '1476336752841');
INSERT INTO "ERP"."ERP_PO_GOODS" VALUES ('1d690235bd4147f691fe8fd206bf6548', '1476337206664', '100', '20', 'U盘', '1476337503985');
INSERT INTO "ERP"."ERP_PO_GOODS" VALUES ('e195d2529ba74a4cb4ffa4382c0dbbbe', '1476337265093', '100', '58', 'U盘32G', '1476337503985');
INSERT INTO "ERP"."ERP_PO_GOODS" VALUES ('051f5ff490104fd99bcb308b9066f174', '1253635562532', '34', '50', 'ddd', '1476097458222');
INSERT INTO "ERP"."ERP_PO_GOODS" VALUES ('165d7d26b887470e87950db5e15bbd84', '1304859485785', '67', '89', 'DDSDSF', '1476097458222');
INSERT INTO "ERP"."ERP_PO_GOODS" VALUES ('816386344d634bdfbb36c67fca8b073c', '1253635562532', '45', '50', 'DSDFADF', '1476101309650');
INSERT INTO "ERP"."ERP_PO_GOODS" VALUES ('137be50ad150452d9b398680599ddc3d', '1304859485785', '35', '89', 'DDD', '1476066588511');
INSERT INTO "ERP"."ERP_PO_GOODS" VALUES ('6d3f7c021c114206879acfa1493402d2', '1253635562532', '234', '50', 'DDDSD', '1476066175088');
INSERT INTO "ERP"."ERP_PO_GOODS" VALUES ('648fc59162344931aeed8c33810d5ac5', '1409209320999', '34', '90', 'DDDD', '1476066175088');
INSERT INTO "ERP"."ERP_PO_GOODS" VALUES ('7659ca36e1d74cadace416b727d2fd17', '1475927043049', '78', '45', 'ASASAS', '1476066588511');

-- ----------------------------
-- Table structure for ERP_PURCHASE
-- ----------------------------
DROP TABLE "ERP"."ERP_PURCHASE";
CREATE TABLE "ERP"."ERP_PURCHASE" (
"PURCHASE_ID" CHAR(13 BYTE) NOT NULL ,
"CREATE_TIME" VARCHAR2(30 BYTE) NULL ,
"SUPPLIER_ID" CHAR(32 BYTE) NULL ,
"DEPT_ID" CHAR(32 BYTE) NULL ,
"PURCHASER_ID" CHAR(32 BYTE) NULL ,
"WAREHOUSE_ID" CHAR(32 BYTE) NULL ,
"PURCHASE_AMOUNT" NUMBER(8) NULL ,
"ORIGINATOR_ID" CHAR(32 BYTE) NULL ,
"INVALID_ID" CHAR(32 BYTE) NULL ,
"ORGANIZATION_ID" CHAR(32 BYTE) NULL ,
"INVOICES_STATE" CHAR(1 BYTE) NULL 
)
LOGGING
NOCOMPRESS
NOCACHE

;

-- ----------------------------
-- Records of ERP_PURCHASE
-- ----------------------------
INSERT INTO "ERP"."ERP_PURCHASE" VALUES ('1476336842097', '10/14/2016', '3d207941c0324003a21e446c07583765', '401201a3267e41ddb1f64b6ba70eb25f', '36cddad563504b1cab3331afd32de63b', 'c8ace9be654c4f5889bd121b1343c58b', '337000', '36cddad563504b1cab3331afd32de63b', null, '9659279783b744598fd4b4e4dc08790a', 'A');

-- ----------------------------
-- Table structure for ERP_PURCHASE_GOODS
-- ----------------------------
DROP TABLE "ERP"."ERP_PURCHASE_GOODS";
CREATE TABLE "ERP"."ERP_PURCHASE_GOODS" (
"ID" CHAR(32 BYTE) NOT NULL ,
"GOODS_ID" CHAR(13 BYTE) NULL ,
"GOODS_NUM" NUMBER(7) NULL ,
"GOODS_PRICES" NUMBER(8) NULL ,
"REMARK" VARCHAR2(300 BYTE) NULL ,
"PURCHASE_ID" CHAR(13 BYTE) NULL 
)
LOGGING
NOCOMPRESS
NOCACHE

;

-- ----------------------------
-- Records of ERP_PURCHASE_GOODS
-- ----------------------------
INSERT INTO "ERP"."ERP_PURCHASE_GOODS" VALUES ('aead71ac5ff44c1989cc74147128af64', '1476336632957', '80', '4200', '惠普电脑', '1476336842097');
INSERT INTO "ERP"."ERP_PURCHASE_GOODS" VALUES ('10429c90ebd04c0995141569e0effedf', '1476336687956', '50', '20', '数据线明天要', '1476336842097');
INSERT INTO "ERP"."ERP_PURCHASE_GOODS" VALUES ('6e86234e910d4e059ff7e03e8205b1bf', '1475927043049', '78', '45', 'ASASAS', '1476186644417');
INSERT INTO "ERP"."ERP_PURCHASE_GOODS" VALUES ('7e2600285e0444e3ba665a950b31f125', '1304859485785', '35', '89', 'DDD', '1476186644417');
INSERT INTO "ERP"."ERP_PURCHASE_GOODS" VALUES ('fcd9f306ce754990824e8a8bf9ddfc59', '1253635562532', '234', '50', 'DDDSD', '1476174361610');
INSERT INTO "ERP"."ERP_PURCHASE_GOODS" VALUES ('f3b5841ca5574338b4efb5fe353c49f6', '1409209320999', '34', '90', 'DDDD', '1476174361610');
INSERT INTO "ERP"."ERP_PURCHASE_GOODS" VALUES ('8148411b1c324f1a96a4bd78ff86f5f5', '1253635562532', '30', '50', 'ddd', '1476101673910');
INSERT INTO "ERP"."ERP_PURCHASE_GOODS" VALUES ('f5666979c23e4900a4049b50700c30ff', '1304859485785', '70', '89', 'DDSDSF', '1476101673910');

-- ----------------------------
-- Table structure for ERP_PURCHASE_ORDER
-- ----------------------------
DROP TABLE "ERP"."ERP_PURCHASE_ORDER";
CREATE TABLE "ERP"."ERP_PURCHASE_ORDER" (
"PO_ID" CHAR(13 BYTE) NOT NULL ,
"CREATE_TIME" VARCHAR2(30 BYTE) NULL ,
"SUPPLIER_ID" CHAR(32 BYTE) NULL ,
"DEPT_ID" CHAR(32 BYTE) NULL ,
"PURCHASER_ID" CHAR(32 BYTE) NULL ,
"WAREHOUSE_ID" CHAR(32 BYTE) NULL ,
"PO_AMOUNT" NUMBER(8) NULL ,
"ORIGINATOR_ID" CHAR(32 BYTE) NULL ,
"INVALID_ID" VARCHAR2(40 BYTE) NULL ,
"ORGANIZATION_ID" CHAR(32 BYTE) NULL ,
"INVOICES_STATE" CHAR(1 BYTE) NULL 
)
LOGGING
NOCOMPRESS
NOCACHE

;

-- ----------------------------
-- Records of ERP_PURCHASE_ORDER
-- ----------------------------
INSERT INTO "ERP"."ERP_PURCHASE_ORDER" VALUES ('1476336752841', '10/14/2016', '3d207941c0324003a21e446c07583765', '401201a3267e41ddb1f64b6ba70eb25f', '36cddad563504b1cab3331afd32de63b', 'c8ace9be654c4f5889bd121b1343c58b', '143800', '36cddad563504b1cab3331afd32de63b', null, '9659279783b744598fd4b4e4dc08790a', 'C');
INSERT INTO "ERP"."ERP_PURCHASE_ORDER" VALUES ('1476337503985', '10/14/2016', '3d207941c0324003a21e446c07583765', '401201a3267e41ddb1f64b6ba70eb25f', '9fb1d133050046a59cdd00701946f14d', 'cf84a38596394fef84eac6600813979d', '7800', '5a257cfa80e3434fb203bdcf954f2313', null, '9659279783b744598fd4b4e4dc08790a', 'A');

-- ----------------------------
-- Table structure for ERP_REPLY
-- ----------------------------
DROP TABLE "ERP"."ERP_REPLY";
CREATE TABLE "ERP"."ERP_REPLY" (
"ID" CHAR(32 BYTE) NOT NULL ,
"CONTENT" VARCHAR2(300 BYTE) NULL ,
"COMMRNT_ID" CHAR(32 BYTE) NULL 
)
LOGGING
NOCOMPRESS
NOCACHE

;

-- ----------------------------
-- Records of ERP_REPLY
-- ----------------------------

-- ----------------------------
-- Table structure for ERP_REQUISITION
-- ----------------------------
DROP TABLE "ERP"."ERP_REQUISITION";
CREATE TABLE "ERP"."ERP_REQUISITION" (
"REQUISITION_ID" CHAR(32 BYTE) NOT NULL ,
"GOODS_ID" CHAR(13 BYTE) NULL ,
"OUT_WAREHOUSE_ID" CHAR(32 BYTE) NULL ,
"IN_WAREHOUSE_ID" CHAR(32 BYTE) NULL ,
"NUM" NUMBER(7) NULL ,
"REQUISITION_STATE" CHAR(1 BYTE) NULL ,
"DESCRIBE" VARCHAR2(100 BYTE) NULL ,
"OUT_TIME" VARCHAR2(50 BYTE) NULL 
)
LOGGING
NOCOMPRESS
NOCACHE

;

-- ----------------------------
-- Records of ERP_REQUISITION
-- ----------------------------
INSERT INTO "ERP"."ERP_REQUISITION" VALUES ('abedd1ecfddd41759ebb4c49f0d3b9bf', '1476336632957', 'c8ace9be654c4f5889bd121b1343c58b', '38a44b22a8354f9dac2ad968d6d08e61', '12', 'A', 'çµè', '10/13/2016');
INSERT INTO "ERP"."ERP_REQUISITION" VALUES ('b8ca64e504d4432f8e8eab3065dc2fc0', '1476336632957', 'c8ace9be654c4f5889bd121b1343c58b', '38a44b22a8354f9dac2ad968d6d08e61', '12', 'A', 'çµè', '10/13/2016');
INSERT INTO "ERP"."ERP_REQUISITION" VALUES ('99e8bcec18284de28978243b86bc9abd', '1476336687956', 'c8ace9be654c4f5889bd121b1343c58b', 'cf84a38596394fef84eac6600813979d', '1', 'A', '嗲', '10/13/2016');
INSERT INTO "ERP"."ERP_REQUISITION" VALUES ('4995f0ebbfb44a90b914c93daa0cb631', '1476337265093', 'c8ace9be654c4f5889bd121b1343c58b', '38a44b22a8354f9dac2ad968d6d08e61', '12', 'A', 'æåºå»å§', '10/13/2016');
INSERT INTO "ERP"."ERP_REQUISITION" VALUES ('6f7a0fe4c66040868d5e5943dcc8698e', '1476337265093', 'c8ace9be654c4f5889bd121b1343c58b', '38a44b22a8354f9dac2ad968d6d08e61', '12', 'A', 'å¾å°ç', '10/13/2016');
INSERT INTO "ERP"."ERP_REQUISITION" VALUES ('c9608066a46549feb02619841b07e11c', '1476336632957', 'c8ace9be654c4f5889bd121b1343c58b', '38a44b22a8354f9dac2ad968d6d08e61', '1', 'A', 'dsds', '10/13/2016');

-- ----------------------------
-- Table structure for ERP_RESOURCE
-- ----------------------------
DROP TABLE "ERP"."ERP_RESOURCE";
CREATE TABLE "ERP"."ERP_RESOURCE" (
"ID" CHAR(32 BYTE) NOT NULL ,
"RESOURCE_NAME" VARCHAR2(50 BYTE) NULL ,
"DO_PATH" VARCHAR2(50 BYTE) NOT NULL ,
"ROLE_TYPE" VARCHAR2(30 BYTE) NULL 
)
LOGGING
NOCOMPRESS
NOCACHE

;

-- ----------------------------
-- Records of ERP_RESOURCE
-- ----------------------------
INSERT INTO "ERP"."ERP_RESOURCE" VALUES ('5fc7a9af578b4fa1a66e7cc3cafb9047', '职位列表', '/job/toList.do', 'job');
INSERT INTO "ERP"."ERP_RESOURCE" VALUES ('92859d2ac5c147479786d949b23fe861', '到职位添加页', '/job/toAdd.do', 'job');
INSERT INTO "ERP"."ERP_RESOURCE" VALUES ('7f88370db3a84b598df44f2d6ef9720e', '职位添加操作', '/job/add.do', 'job');
INSERT INTO "ERP"."ERP_RESOURCE" VALUES ('15ce74ba9f5b4397b07013f2535f1211', '到职位更新页', '/job/toUpdate.do', 'job');
INSERT INTO "ERP"."ERP_RESOURCE" VALUES ('6cc82d1030fa406291dff1be986a4aa4', '职位更新操作', '/job/update.do', 'job');
INSERT INTO "ERP"."ERP_RESOURCE" VALUES ('d39ab2fc2765423a8887b6b17937ff7d', '职位删除', '/job/toDeletete.do', 'job');
INSERT INTO "ERP"."ERP_RESOURCE" VALUES ('7586335576994533a9d743d41d9b1b10', '订单商品更新页', '/saleOrder/toUpdateSoGoods.do', 'saleOrderGoods');
INSERT INTO "ERP"."ERP_RESOURCE" VALUES ('fea6c642fd3740d290eb39e479da47db', '正常销售单添加', '/sale/addSale.do', 'sale');
INSERT INTO "ERP"."ERP_RESOURCE" VALUES ('e8afd183b3b74ea293aabb9bdd6e4fc6', '销售单商品添加', '/sale/addSaleGoods.do', 'saleGoods');
INSERT INTO "ERP"."ERP_RESOURCE" VALUES ('74dd8d52ded54fc8a3b6f648a365f4f6', '销售单商品查看', '/sale/toLookSaleGoods.do', 'saleGoods');
INSERT INTO "ERP"."ERP_RESOURCE" VALUES ('d29f2f9c1f4d466dba7d564f5fd53b7e', '销售单商品更新', '/sale/updateSaleGoods.do', 'saleGoods');
INSERT INTO "ERP"."ERP_RESOURCE" VALUES ('f30454a04e514ed89e5d7081e3424aa5', '返回单商品添加', '/saleReturn/addSrGoods.do', 'saleReturnGoods');
INSERT INTO "ERP"."ERP_RESOURCE" VALUES ('5f7c45cd4d664bb595ad5b11df77d363', '到查询存货列表', '/cashStatement/toBalance.do', 'cashStatement');
INSERT INTO "ERP"."ERP_RESOURCE" VALUES ('16df8ee31bc540ab8702257d1010c216', '到货物盘点页', '/cashStatement/toBlitem.do', 'cashStatement');
INSERT INTO "ERP"."ERP_RESOURCE" VALUES ('8e83e47c9f9c41409e5c7af1076309d8', '到盘点修改页', '/cashStatement/toUpdate.do', 'cashStatement');
INSERT INTO "ERP"."ERP_RESOURCE" VALUES ('27d05742fb7645bbab4ca30fe6919fd5', '盘点更新操作', '/cashStatement/update.do', 'cashStatement');
INSERT INTO "ERP"."ERP_RESOURCE" VALUES ('5bec0e00f7f2417f8aa606679e6fca34', '到货物调拨页', '/cashStatement/toRequisition.do', 'cashStatement');
INSERT INTO "ERP"."ERP_RESOURCE" VALUES ('65681da7e5c14430804d59eb37f74d6c', '货物调拨列表', '/cashStatement/list.do', 'cashStatement');
INSERT INTO "ERP"."ERP_RESOURCE" VALUES ('b95a2a4d873a497695aa0d4c6dde7209', '列表显示客户信息', '/customer/toCustomerList.do', 'customer');
INSERT INTO "ERP"."ERP_RESOURCE" VALUES ('58b1f8dc60b84cc69bef5a77a459c5f3', '到客户添加页', '/customer/toCustomerAdd.do', 'customer');
INSERT INTO "ERP"."ERP_RESOURCE" VALUES ('75329a2817c143fa986ed24baab48841', '客户添加操作', '/customer/customerAdd.do', 'customer');
INSERT INTO "ERP"."ERP_RESOURCE" VALUES ('3f50b6ceebcc4fdfab67afa8a261362c', '到客户更新页', '/customer/toCustomerUpdate.do', 'customer');
INSERT INTO "ERP"."ERP_RESOURCE" VALUES ('338328b151474324b018f67eb129d9a8', '客户更新操作', '/customer/customerUpdate.do', 'customer');
INSERT INTO "ERP"."ERP_RESOURCE" VALUES ('d545698fea944b9897dff0820dc3d6e5', '列表显示资源信息', '/organization/toList.do', 'organization');
INSERT INTO "ERP"."ERP_RESOURCE" VALUES ('3cd25a28672f47deba06d510d16453e8', '到资源添加页', '/organization/toAdd.do', 'organization');
INSERT INTO "ERP"."ERP_RESOURCE" VALUES ('e6c23d1f33c949758d91ce41b084b172', '资源添加操作', '/organization/add.do', 'organization');
INSERT INTO "ERP"."ERP_RESOURCE" VALUES ('73c53ffabdd44bf1810baaa280ece67e', '到资源更新页', '/organization/toUpdate.do', 'organization');
INSERT INTO "ERP"."ERP_RESOURCE" VALUES ('6d88f5c90cfd433e853fc187bfb411f9', '资源更新操作', '/organization/update.do', 'organization');
INSERT INTO "ERP"."ERP_RESOURCE" VALUES ('0a3f9f50435e453ba7e75fdca655d283', '资源删除', '/organization/toDelete.do', 'organization');
INSERT INTO "ERP"."ERP_RESOURCE" VALUES ('44b4e6f344f54f9d9a68cc2389f682bc', '列表显示商品信息', '/goods/toList.do', 'goods');
INSERT INTO "ERP"."ERP_RESOURCE" VALUES ('23b014245e954d9ba2a613fa1fd567aa', '到商品添加页', '/goods/toAdd.do', 'goods');
INSERT INTO "ERP"."ERP_RESOURCE" VALUES ('c9891ba76f2b4dd38104bf1ffd64a0cf', '商品添加操作', '/goods/add.do', 'goods');
INSERT INTO "ERP"."ERP_RESOURCE" VALUES ('114b7fa16e664a7b9b0ee5a058c3242f', '到商品更新页', '/goods/toUpdate.do', 'goods');
INSERT INTO "ERP"."ERP_RESOURCE" VALUES ('4d9f89bd69ae4fbe9e29017885fed150', '商品更新操作', '/goods/update.do', 'goods');
INSERT INTO "ERP"."ERP_RESOURCE" VALUES ('f55dfcb17c1e4055aae77be411e95f5c', '商品删除', '/goods/toDelete.do', 'goods');
INSERT INTO "ERP"."ERP_RESOURCE" VALUES ('3ceb96d71e4a4e57ab8a7ec7ebb4d127', '列表显示部门信息', '/dept/toList.do', 'dept');
INSERT INTO "ERP"."ERP_RESOURCE" VALUES ('7ad9b2d47a2e49f1bb84d7c90792a2f6', '到部门添加页', '/dept/toAdd.do', 'dept');
INSERT INTO "ERP"."ERP_RESOURCE" VALUES ('e7f78e7d592741a7a42d0db44daed48f', '部门添加操作', '/dept/add.do', 'dept');
INSERT INTO "ERP"."ERP_RESOURCE" VALUES ('f357e6d5427341d28f69694d6a4f7af2', '到部门更新页', '/dept/toUpdate.do', 'dept');
INSERT INTO "ERP"."ERP_RESOURCE" VALUES ('3c2e66bd163a4428be0a095086737ad1', '部门更新操作', '/dept/update.do', 'dept');
INSERT INTO "ERP"."ERP_RESOURCE" VALUES ('e05badb7dbb1429a9f445faeaa484409', '部门删除', '/dept/toDelete.do', 'dept');
INSERT INTO "ERP"."ERP_RESOURCE" VALUES ('c3c76111b19f4e888142eaa5e5e08c5a', '客户删除', '/customert/toCustomerDelete.do', 'customer');
INSERT INTO "ERP"."ERP_RESOURCE" VALUES ('2e359cc8f678401fa24a338c4f5e6bc5', '列表显示码表信息', '/code/toCodeList.do', 'code');
INSERT INTO "ERP"."ERP_RESOURCE" VALUES ('a0f10eafbae44a0896927496f046f389', '到码表添加页', '/code/toCodeAdd.do', 'code');
INSERT INTO "ERP"."ERP_RESOURCE" VALUES ('f164cbfe44b74f1cb1445dc00690b363', '码表添加操作', '/code/codeAdd.do', 'code');
INSERT INTO "ERP"."ERP_RESOURCE" VALUES ('17afd566062740a9b492e7ae88fa23ff', '到码表更新页', '/code/toCodeUpdate.do', 'code');
INSERT INTO "ERP"."ERP_RESOURCE" VALUES ('2ab0de4bcf944aaeabd0716789045a0e', '码表更新操作', '/code/codeUpdate.do', 'code');
INSERT INTO "ERP"."ERP_RESOURCE" VALUES ('b742f3ee38d74a23a0d886d6c22b55d4', '码表删除', '/code/toCodeDelete.do', 'code');
INSERT INTO "ERP"."ERP_RESOURCE" VALUES ('6a0f078b96d84011936920e73357c0f9', '列表显示账号信息', '/account/toAccountList.do', 'account');
INSERT INTO "ERP"."ERP_RESOURCE" VALUES ('6099c90ad99d4899964b42fab076d133', '到账号添加页', '/account/toAccountAdd.do', 'account');
INSERT INTO "ERP"."ERP_RESOURCE" VALUES ('fd09606c902546b79cf69cc02b2aa04b', '账号添加操作', '/account/accountAdd.do', 'account');
INSERT INTO "ERP"."ERP_RESOURCE" VALUES ('75301cb80be64f4a907df4a437e6c142', '到账号更新页', '/account/toAccountUpdate.do', 'account');
INSERT INTO "ERP"."ERP_RESOURCE" VALUES ('6b9c705f54074f73ac7c805b01c14341', '账号更新操作', '/account/accountUpdate.do', 'account');
INSERT INTO "ERP"."ERP_RESOURCE" VALUES ('7c9d6f29eaeb485c88ade89d764e1332', '账号删除', '/account/toAccountDelete.do', 'account');
INSERT INTO "ERP"."ERP_RESOURCE" VALUES ('732486418f684c7e8422dc947601ba7c', '到列表页仓库信息', '/warehouse/toList.do', 'warehouse');
INSERT INTO "ERP"."ERP_RESOURCE" VALUES ('33cd6c5d81cd4590aa3dd794ffd0f5c8', '到仓库添加页', '/warehouse/toAdd.do', 'warehouse');
INSERT INTO "ERP"."ERP_RESOURCE" VALUES ('830e49440025428fbea5374900e5dc88', '仓库添加操作', '/warehouse/add.do', 'warehouse');
INSERT INTO "ERP"."ERP_RESOURCE" VALUES ('160c22494ef74eb4aad62ddcf657fe61', '到仓库更新页', '/warehouse/toUpdate.do', 'warehouse');
INSERT INTO "ERP"."ERP_RESOURCE" VALUES ('945de7c856824be699e06a0569c56d6e', '仓库更新操作', '/warehouse/update.do', 'warehouse');
INSERT INTO "ERP"."ERP_RESOURCE" VALUES ('3d3b2e51a672422f8e3acf3750a3ef2f', '仓库删除', '/warehouse/toDelete.do', 'warehouse');
INSERT INTO "ERP"."ERP_RESOURCE" VALUES ('8e180f70dddc427f9d57fadc09c4df3a', '到列表页用户信息', '/user/toUserList.do', 'user');
INSERT INTO "ERP"."ERP_RESOURCE" VALUES ('a1732ac2b260427b94abf1bff548c25c', '到用户添加页', '/user/toUserAdd.do', 'user');
INSERT INTO "ERP"."ERP_RESOURCE" VALUES ('718847362f7e4de7b32ce090157eaf24', '用户添加操作', '/user/userAdd.do', 'user');
INSERT INTO "ERP"."ERP_RESOURCE" VALUES ('099c8614893c4937a157ee9683723dd7', '用户到更新页', '/user/toUserUpdate.do', 'user');
INSERT INTO "ERP"."ERP_RESOURCE" VALUES ('4869968952fe40f4bcd01a704875cff8', '用户更新操作', '/user/userUpdate.do', 'user');
INSERT INTO "ERP"."ERP_RESOURCE" VALUES ('5edefd1de424439ab2536513b5c26c8f', '用户删除', '/user/toUserDelete.do', 'user');
INSERT INTO "ERP"."ERP_RESOURCE" VALUES ('2e2158da63784d6db77cab2490d8c08c', '到销售返回单添加页', '/saleReturn/toAddSr.do', 'saleReturn');
INSERT INTO "ERP"."ERP_RESOURCE" VALUES ('ec9f5d7ec6e94ea79ebdce5863898d79', '销售返回单添加', '/saleReturn/addSr.do', 'saleReturn');
INSERT INTO "ERP"."ERP_RESOURCE" VALUES ('0ed93dc44f6e4a738097cd4af06d73b7', '返回单商品添加页', '/saleReturn/toAddSrGoods.do', 'saleReturnGoods');
INSERT INTO "ERP"."ERP_RESOURCE" VALUES ('617d15b953244b0f94c26e0ec4893445', '销售返回单列表信息', '/saleReturn/toListSr.do', 'saleReturn');
INSERT INTO "ERP"."ERP_RESOURCE" VALUES ('4a925ea07bcf4df5b98be2fea813db66', '返回单商品列表', '/saleReturn/toListSrGoods.do', 'saleReturnGoods');
INSERT INTO "ERP"."ERP_RESOURCE" VALUES ('fba142ec1e2148dfb8123b8370d0a336', '销售返回单查看', '/saleReturn/toLookSr.do', 'saleReturn');
INSERT INTO "ERP"."ERP_RESOURCE" VALUES ('5af1c072479349219c5955b0ef22e80f', '返回单商品查看', '/saleReturn/toLookSrGoods.do', 'saleReturnGoods');
INSERT INTO "ERP"."ERP_RESOURCE" VALUES ('50354a4daf964e539baafa2506f4ced0', '销售返回单更新页', '/saleReturn/toUpdateSr.do', 'saleReturn');
INSERT INTO "ERP"."ERP_RESOURCE" VALUES ('5d331083df6e4eeea2b1857da49389bc', '销售返回单更新', '/saleReturn/updateSr.do', 'saleReturn');
INSERT INTO "ERP"."ERP_RESOURCE" VALUES ('03a802f5f02341e2af283ee97956afca', '返回单商品更新页', '/saleReturn/toUpdateSrGoods.do', 'saleReturnGoods');
INSERT INTO "ERP"."ERP_RESOURCE" VALUES ('f62fc084467243c7bf0b9b6b0bb020ca', '返回单商品更新', '/saleReturn/updateSrGoods.do', 'saleReturnGoods');
INSERT INTO "ERP"."ERP_RESOURCE" VALUES ('dc422f2909ac40ed8865a7e6de65353f', '销售返回单删除', '/saleReturn/deleteSr.do', 'saleReturn');
INSERT INTO "ERP"."ERP_RESOURCE" VALUES ('8e5c1af8cade40ff865bfdf47e9bbc19', '返回单商品删除', '/saleReturn/deleteSrGoods.do', 'saleReturnGoods');
INSERT INTO "ERP"."ERP_RESOURCE" VALUES ('46964c019f0342f0a6ac544fcf0231e5', '销售订单添加页', '/saleOrder/toAddSo.do', 'saleOrder');
INSERT INTO "ERP"."ERP_RESOURCE" VALUES ('35a763013ea54658810e6529dbd20aa6', '销售订单添加', '/saleOrder/addSo.do', 'saleOrder');
INSERT INTO "ERP"."ERP_RESOURCE" VALUES ('5d204b6f95284cd5b3db4b4125f8b9fa', '订单商品添加页', '/saleOrder/toAddSoGoods.do', 'saleOrderGoods');
INSERT INTO "ERP"."ERP_RESOURCE" VALUES ('55346d6772984fe88cf17b9462f01ce1', '订单商品添加', '/saleOrder/addSoGoods.do', 'saleOrderGoods');
INSERT INTO "ERP"."ERP_RESOURCE" VALUES ('26cf0fa8b7c34650bd97564789a2b58f', '销售订单列表', '/saleOrder/toListSo.do', 'saleOrder');
INSERT INTO "ERP"."ERP_RESOURCE" VALUES ('72d62849eb7c46bdbcda5f17fd985049', '订单商品列表', '/saleOrder/toListSoGoods.do', 'saleOrderGoods');
INSERT INTO "ERP"."ERP_RESOURCE" VALUES ('c6e8770004124ad9ba6794d04972e822', '销售订单查看', '/saleOrder/toLookSo.do', 'saleOrder');
INSERT INTO "ERP"."ERP_RESOURCE" VALUES ('21d0971289e64aa990464ca15e9f509a', '订单商品查看', '/saleOrder/toLookSoGoods.do', 'saleOrderGoods');
INSERT INTO "ERP"."ERP_RESOURCE" VALUES ('413b3175c7a14562b47063c35d7d9f15', '销售订单更新页', '/saleOrder/toUpdateSo.do', 'saleOrder');
INSERT INTO "ERP"."ERP_RESOURCE" VALUES ('e7419b86ec634b5a890a6838f6722d9d', '销售订单更新', '/saleOrder/updateSo.do', 'saleOrder');
INSERT INTO "ERP"."ERP_RESOURCE" VALUES ('10438c06773e41acbf74d199a0bc2374', '订单商品更新', '/saleOrder/updateSoGoods.do', 'saleOrderGoods');
INSERT INTO "ERP"."ERP_RESOURCE" VALUES ('57c179bceb134b8a93ca08e00ca353d5', '销售订单删除', '/saleOrder/deleteSo.do', 'saleOrder');
INSERT INTO "ERP"."ERP_RESOURCE" VALUES ('c1f1fac6518e4097b21827778fed5c22', '订单商品删除', '/saleOrder/deleteSoGoods.do', 'saleOrderGoods');
INSERT INTO "ERP"."ERP_RESOURCE" VALUES ('f76f09438f8b45c899f6ec52e4132931', '销售单添加页', '/sale/toAddSale.do', 'sale');
INSERT INTO "ERP"."ERP_RESOURCE" VALUES ('94392d57d38a4187b973da25e836b528', '销售订单直接生成销售单', '/sale/addSale2.do', 'sale');
INSERT INTO "ERP"."ERP_RESOURCE" VALUES ('7d6a1bd7ae3b4f8096ca88462e1537f1', '销售单商品添加页', '/sale/toAddSaleGoods.do', 'saleGoods');
INSERT INTO "ERP"."ERP_RESOURCE" VALUES ('420e31827c9445bca96f07b25172f32b', '销售单列表', '/sale/toListSale.do', 'sale');
INSERT INTO "ERP"."ERP_RESOURCE" VALUES ('05ce504bc1a04e96bf6e499b8633cf3b', '销售单商品列表', '/sale/toListSaleGoods.do', 'saleGoods');
INSERT INTO "ERP"."ERP_RESOURCE" VALUES ('c0f862fe07464a0bad6acde67d8fc980', '销售单查看', '/sale/toLookSale.do', 'sale');
INSERT INTO "ERP"."ERP_RESOURCE" VALUES ('90b3c401e890484e9983cedba0d0bd8b', '销售单更新页', '/sale/toUpdateSale.do', 'sale');
INSERT INTO "ERP"."ERP_RESOURCE" VALUES ('299d1e3f98fd40988b68568ad85c5ddc', '销售单更新', '/sale/update.do', 'sale');
INSERT INTO "ERP"."ERP_RESOURCE" VALUES ('b0a548cab00b4ae7a54f9582b89c239c', '销售单商品更新页', '/sale/toUpdateSaleGoods.do', 'saleGoods');
INSERT INTO "ERP"."ERP_RESOURCE" VALUES ('2e673bd9c70043f88e8cecee42a63439', '销售单删除', '/sale/deleteSale.do', 'sale');
INSERT INTO "ERP"."ERP_RESOURCE" VALUES ('fdc99db66bf54a559efdc881a61e895e', '销售单商品删除', '/sale/deleteSaleGoods.do', 'saleGoods');
INSERT INTO "ERP"."ERP_RESOURCE" VALUES ('27b6192660dd42779cecdbd54eda7d6b', '列表显示资源信息', '/resource/toList.do', 'resource');
INSERT INTO "ERP"."ERP_RESOURCE" VALUES ('2210f57433d74f4899b10e10a07ecf5e', '到资源添加页', '/resource/toAdd.do', 'resource');
INSERT INTO "ERP"."ERP_RESOURCE" VALUES ('76fab0a4010a4a52902ff35dd7a29899', '资源添加操作', 'resource/add.do', 'resource');
INSERT INTO "ERP"."ERP_RESOURCE" VALUES ('b5340174792741f78b042b54c0638fdb', '到资源更新页', '/resource/toUpdate.do', 'resource');
INSERT INTO "ERP"."ERP_RESOURCE" VALUES ('bc5c8f79d35d475cb3fc9dc753a9e9bf', '资源更新操作', '/resource/update.do', 'resource');
INSERT INTO "ERP"."ERP_RESOURCE" VALUES ('eb4530ffaaa9434b91af1c2f564938c6', '资源删除', '/resource/toDelete.do', 'resource');
INSERT INTO "ERP"."ERP_RESOURCE" VALUES ('3ee8275bb409412e81ddf847289f6a3e', '采购订单添加页', '/purchaseOrder/toAddPo.do', 'purchaseOrder');
INSERT INTO "ERP"."ERP_RESOURCE" VALUES ('17c83224e7284e1480a497deb6f868a8', '采购订单添加', '/purchaseOrder/addPo.do', 'purchaseOrder');
INSERT INTO "ERP"."ERP_RESOURCE" VALUES ('886cff139b6c45e8b797a25ba8dcf64a', '采购订单商品添加页', '/purchaseOrder/toAddPoGoods.do', 'purchaseOrderGoods');
INSERT INTO "ERP"."ERP_RESOURCE" VALUES ('270e5510e1c946768862ad6b59240269', '采购订单商品添加', '/purchaseOrder/addPoGoods.do', 'purchaseOrderGoods');
INSERT INTO "ERP"."ERP_RESOURCE" VALUES ('a6fe23fc61294a858f5a0800a043eb18', '采购订单列表', '/purchaseOrder/toListPo.do', 'purchaseOrder');
INSERT INTO "ERP"."ERP_RESOURCE" VALUES ('30e599a434ba4c64b4924be658462c1b', '采购订单商品列表', '/purchaseOrder/toListPoGoods.do', 'purchaseOrderGoods');
INSERT INTO "ERP"."ERP_RESOURCE" VALUES ('e2c2c883cf2641b4babe7d1fc704f4fa', '采购订单查看', '/purchaseOrder/toLookPo.do', 'purchaseOrder');
INSERT INTO "ERP"."ERP_RESOURCE" VALUES ('780eebc4faa444f9a5dfba516387219c', '采购订单商品查看', '/purchaseOrder/toLookPoGoods.do', 'purchaseOrderGoods');
INSERT INTO "ERP"."ERP_RESOURCE" VALUES ('510f3ef41a0e450fb3cca39d30234007', '采购订单更新页', '/purchaseOrder/toUpdatePo.do', 'purchaseOrder');
INSERT INTO "ERP"."ERP_RESOURCE" VALUES ('8934c0bb30f2484b9b62f59fae5f7b32', '采购订单更新', '/purchaseOrder/updatePo.do', 'purchaseOrder');
INSERT INTO "ERP"."ERP_RESOURCE" VALUES ('b77a5ef81d0e45dcbd95127f4499e88d', '采购订单商品更新页', '/purchaseOrder/toUpdatePoGoods.do', 'purchaseOrderGoods');
INSERT INTO "ERP"."ERP_RESOURCE" VALUES ('1a80d016356f4575824b13c1038fc81b', '采购订单商品更新', '/purchaseOrder/updatePoGoods.do', 'purchaseOrderGoods');
INSERT INTO "ERP"."ERP_RESOURCE" VALUES ('ab206905c31d4f69a2a189a9ac49a357', '采购订单删除', '/purchaseOrder/deletePo.do', 'purchaseOrder');
INSERT INTO "ERP"."ERP_RESOURCE" VALUES ('5eab81c823fa4025b8b5c1928f59e840', '采购订单商品删除', '/purchaseOrder/deletePoGoods.do', 'purchaseOrderGoods');
INSERT INTO "ERP"."ERP_RESOURCE" VALUES ('40c6b3fae26d4f709608359b2b445dc0', '采购单添加页', '/purchase/toAddPurchase.do', 'purchase');
INSERT INTO "ERP"."ERP_RESOURCE" VALUES ('e9d9a254842546beba274cd8a8f02fcf', '正常采购单添加', '/purchase/addPurchase.do', 'purchase');
INSERT INTO "ERP"."ERP_RESOURCE" VALUES ('517102a13de346e382a1f96f1091af82', '采购订单直接生成采购单', '/purchase/addPurchase2.do', 'purchase');
INSERT INTO "ERP"."ERP_RESOURCE" VALUES ('7434b7650af64c63aa7c067d30da25c2', '采购单商品添加页', '/purchase/toAddPurchaseGoods.do', 'purchaseGoods');
INSERT INTO "ERP"."ERP_RESOURCE" VALUES ('81c313adb4cb4ba7b5a1242704bfa7b5', '采购单商品添加', '/purchase/addPurchaseGoods.do', 'purchaseGoods');
INSERT INTO "ERP"."ERP_RESOURCE" VALUES ('26152974a4ed44cda4fabbc56955a1ac', '采购单列表', '/purchase/toListPurchase.do', 'purchase');
INSERT INTO "ERP"."ERP_RESOURCE" VALUES ('5af039f080104e50840c2661e8a4e696', '采购单商品列表', '/purchase/toListPurchaseGoods.do', 'purchaseGoods');
INSERT INTO "ERP"."ERP_RESOURCE" VALUES ('28d5155ba80e458982ce197e7eefe782', '采购单查看', '/purchase/toLookPurchase.do', 'purchase');
INSERT INTO "ERP"."ERP_RESOURCE" VALUES ('3f5eb279503a4d0abb0147b718386f47', '采购单商品查看', '/purchase/toLookPurchaseGoods.do', 'purchaseGoods');
INSERT INTO "ERP"."ERP_RESOURCE" VALUES ('8ff1a072da454e1390071a07e6c98e27', '采购单更新页', '/purchase/toUpdatePurchase.do', 'purchase');
INSERT INTO "ERP"."ERP_RESOURCE" VALUES ('95ff0b7866754807811a4dc38f075fea', '采购单更新', '/purchase/updatePurchase.do', 'purchase');
INSERT INTO "ERP"."ERP_RESOURCE" VALUES ('f7d8cbf73e184556aaf4cc55b6864491', '采购单商品更新页', '/purchase/toUpdatePurchaseGoods.do', 'purchaseGoods');
INSERT INTO "ERP"."ERP_RESOURCE" VALUES ('044ad0b171724dd682c081d42b85d046', '采购单商品更新', '/purchase/updatePurchaseGoods.do', 'purchaseGoods');
INSERT INTO "ERP"."ERP_RESOURCE" VALUES ('e381aed36ded4c85b4888eefc2a5cb6c', '采购单删除', '/purchase/deletePurchase.do', 'purchase');
INSERT INTO "ERP"."ERP_RESOURCE" VALUES ('3fad88a0041948cbb1eb9bbea7edf86c', '采购单商品删除', '/purchase/deletePurchaseGoods.do', 'purchaseGoods');

-- ----------------------------
-- Table structure for ERP_SALE
-- ----------------------------
DROP TABLE "ERP"."ERP_SALE";
CREATE TABLE "ERP"."ERP_SALE" (
"SALE_ID" CHAR(13 BYTE) NOT NULL ,
"CREATE_TIME" VARCHAR2(30 BYTE) NULL ,
"SALE_TYPE" CHAR(1 BYTE) NULL ,
"DEPT_ID" CHAR(32 BYTE) NULL ,
"SALESMAN_ID" CHAR(32 BYTE) NULL ,
"CUSTOMER_ID" CHAR(32 BYTE) NULL ,
"DELIVERY_WAY" CHAR(1 BYTE) NULL ,
"MONEY" NUMBER(8) NULL ,
"PAYMENT_METHOD" CHAR(1 BYTE) NULL ,
"ORIGINATOR_ID" CHAR(32 BYTE) NULL ,
"INVALID_ID" VARCHAR2(40 BYTE) NULL ,
"ORGANIZATION_ID" CHAR(32 BYTE) NULL ,
"INVOICES_STATE" CHAR(1 BYTE) NULL 
)
LOGGING
NOCOMPRESS
NOCACHE

;

-- ----------------------------
-- Records of ERP_SALE
-- ----------------------------
INSERT INTO "ERP"."ERP_SALE" VALUES ('1476338866527', '10/13/2016', 'A', 'c91c43ec83b84e5d99a203bae65a10c8', '9fb1d133050046a59cdd00701946f14d', '8c62170ed4544b4a9f5bcd1c466c6783', 'A', '235880', 'A', '5a257cfa80e3434fb203bdcf954f2313', null, '9659279783b744598fd4b4e4dc08790a', 'A');

-- ----------------------------
-- Table structure for ERP_SALE_GOODS
-- ----------------------------
DROP TABLE "ERP"."ERP_SALE_GOODS";
CREATE TABLE "ERP"."ERP_SALE_GOODS" (
"ID" CHAR(32 BYTE) NOT NULL ,
"GOODS_ID" CHAR(13 BYTE) NULL ,
"GOODS_NUM" NUMBER(7) NULL ,
"GOODS_PRICES" NUMBER(8) NULL ,
"REMARK" VARCHAR2(300 BYTE) NULL ,
"SALE_ID" CHAR(13 BYTE) NULL ,
"WAREHOUSE_ID" CHAR(32 BYTE) NULL 
)
LOGGING
NOCOMPRESS
NOCACHE

;

-- ----------------------------
-- Records of ERP_SALE_GOODS
-- ----------------------------
INSERT INTO "ERP"."ERP_SALE_GOODS" VALUES ('cd91ec55fba24da4aeccabecafea6f10', '1304859485785', '35', '89', 'dsfad', '1476103489041', '47d27f5d2cad456d8f3e58b7913b01b6');
INSERT INTO "ERP"."ERP_SALE_GOODS" VALUES ('85cd33bf5b834f248bbbde37aa9338b2', '1253635562532', '34', '50', 'gfaf', '1476103489041', '47d27f5d2cad456d8f3e58b7913b01b6');
INSERT INTO "ERP"."ERP_SALE_GOODS" VALUES ('9f6cd5b046d44413b66b924fba7d6015', '1253635562532', '3', '50', null, '1476167511242', '47d27f5d2cad456d8f3e58b7913b01b6');
INSERT INTO "ERP"."ERP_SALE_GOODS" VALUES ('6b58771ffad7413ea8348c8ffdfa37d9', '1304859485785', '12', '89', 'dsds', '1476167479113', '47d27f5d2cad456d8f3e58b7913b01b6');
INSERT INTO "ERP"."ERP_SALE_GOODS" VALUES ('d5d7a5a7623a458fbaec2285b0d11903', '1476336632957', '56', '4200', '明天卖出去', '1476338866527', 'c8ace9be654c4f5889bd121b1343c58b');
INSERT INTO "ERP"."ERP_SALE_GOODS" VALUES ('f8b75222109144eb8ecd6b120c1e2594', '1476336687956', '34', '20', '打算打算', '1476338866527', 'c8ace9be654c4f5889bd121b1343c58b');

-- ----------------------------
-- Table structure for ERP_SALE_ORDER
-- ----------------------------
DROP TABLE "ERP"."ERP_SALE_ORDER";
CREATE TABLE "ERP"."ERP_SALE_ORDER" (
"SO_ID" CHAR(13 BYTE) NOT NULL ,
"CREATE_TIME" VARCHAR2(30 BYTE) NULL ,
"SALE_TYPE" CHAR(1 BYTE) NULL ,
"DEPT_ID" CHAR(32 BYTE) NULL ,
"SALESMAN_ID" CHAR(32 BYTE) NULL ,
"CUSTOMER_ID" CHAR(32 BYTE) NULL ,
"DELIVERY_WAY" CHAR(1 BYTE) NULL ,
"MONEY" NUMBER(8) NULL ,
"PAYMENT_METHOD" CHAR(1 BYTE) NULL ,
"ORIGINATOR_ID" CHAR(32 BYTE) NULL ,
"INVALID_ID" VARCHAR2(40 BYTE) NULL ,
"ORGANIZATION_ID" CHAR(32 BYTE) NULL ,
"INVOICES_STATE" CHAR(1 BYTE) NULL 
)
LOGGING
NOCOMPRESS
NOCACHE

;

-- ----------------------------
-- Records of ERP_SALE_ORDER
-- ----------------------------
INSERT INTO "ERP"."ERP_SALE_ORDER" VALUES ('1476338734979', '10/13/2016', 'A', 'c91c43ec83b84e5d99a203bae65a10c8', '9fb1d133050046a59cdd00701946f14d', '8c62170ed4544b4a9f5bcd1c466c6783', 'A', '189680', 'A', '5a257cfa80e3434fb203bdcf954f2313', null, '9659279783b744598fd4b4e4dc08790a', 'C');

-- ----------------------------
-- Table structure for ERP_SALE_RETURN
-- ----------------------------
DROP TABLE "ERP"."ERP_SALE_RETURN";
CREATE TABLE "ERP"."ERP_SALE_RETURN" (
"SR_ID" CHAR(13 BYTE) NOT NULL ,
"CREATE_TIME" VARCHAR2(30 BYTE) NULL ,
"CUSTOMER_ID" CHAR(32 BYTE) NULL ,
"MONEY" NUMBER(8) NULL ,
"PAYMENT_METHOD" CHAR(1 BYTE) NULL ,
"EMPLOYEE_ID" CHAR(32 BYTE) NULL ,
"ORIGINATOR_ID" CHAR(32 BYTE) NULL ,
"INVALID_ID" VARCHAR2(40 BYTE) NULL ,
"ORGANIZATION_ID" CHAR(32 BYTE) NULL ,
"INVOICES_STATE" CHAR(1 BYTE) NULL 
)
LOGGING
NOCOMPRESS
NOCACHE

;

-- ----------------------------
-- Records of ERP_SALE_RETURN
-- ----------------------------

-- ----------------------------
-- Table structure for ERP_SO_GOODS
-- ----------------------------
DROP TABLE "ERP"."ERP_SO_GOODS";
CREATE TABLE "ERP"."ERP_SO_GOODS" (
"ID" CHAR(32 BYTE) NOT NULL ,
"GOODS_ID" CHAR(13 BYTE) NULL ,
"GOODS_NUM" NUMBER(7) NULL ,
"GOODS_PRICES" NUMBER(8) NULL ,
"REMARK" VARCHAR2(255 BYTE) NULL ,
"SO_ID" CHAR(13 BYTE) NULL ,
"WAREHOUSE_ID" CHAR(32 BYTE) NULL 
)
LOGGING
NOCOMPRESS
NOCACHE

;

-- ----------------------------
-- Records of ERP_SO_GOODS
-- ----------------------------
INSERT INTO "ERP"."ERP_SO_GOODS" VALUES ('72866efcfa6c41d5a3c941ebb618068e', '1304859485785', '50', '89', 'dsfad', '1476103451910', '47d27f5d2cad456d8f3e58b7913b01b6');
INSERT INTO "ERP"."ERP_SO_GOODS" VALUES ('5a5b3acf7c7a4a2588404ba1fe0f967d', '1253635562532', '3', '50', 'gfaf', '1476103451910', '47d27f5d2cad456d8f3e58b7913b01b6');
INSERT INTO "ERP"."ERP_SO_GOODS" VALUES ('dad596f44a064efa83dafae762cbc411', '1476336632957', '45', '4200', '明天卖出去', '1476338734979', 'c8ace9be654c4f5889bd121b1343c58b');
INSERT INTO "ERP"."ERP_SO_GOODS" VALUES ('d3087210fda74bf995fde158deecd5ef', '1476336687956', '34', '20', '打算打算', '1476338734979', 'c8ace9be654c4f5889bd121b1343c58b');

-- ----------------------------
-- Table structure for ERP_SR_GOODS
-- ----------------------------
DROP TABLE "ERP"."ERP_SR_GOODS";
CREATE TABLE "ERP"."ERP_SR_GOODS" (
"ID" CHAR(32 BYTE) NOT NULL ,
"GOODS_ID" CHAR(13 BYTE) NULL ,
"GOODS_NUM" NUMBER(7) NULL ,
"GOODS_PRICES" NUMBER(8) NULL ,
"REMARK" VARCHAR2(300 BYTE) NULL ,
"SR_ID" CHAR(13 BYTE) NULL ,
"WAREHOUSE_ID" CHAR(32 BYTE) NULL 
)
LOGGING
NOCOMPRESS
NOCACHE

;

-- ----------------------------
-- Records of ERP_SR_GOODS
-- ----------------------------
INSERT INTO "ERP"."ERP_SR_GOODS" VALUES ('097dece62dbb4fc181c644d17aadf91b', '1304859485785', '24', '89', 'deaas', '1476105811221', '47d27f5d2cad456d8f3e58b7913b01b6');
INSERT INTO "ERP"."ERP_SR_GOODS" VALUES ('f0b63dd4ec4f4abfaaceb2428ae61430', '1253635562532', '45', '50', 'ssss', '1476105811221', '47d27f5d2cad456d8f3e58b7913b01b6');

-- ----------------------------
-- Table structure for ERP_USER
-- ----------------------------
DROP TABLE "ERP"."ERP_USER";
CREATE TABLE "ERP"."ERP_USER" (
"ID" CHAR(32 BYTE) NOT NULL ,
"NAME" VARCHAR2(50 BYTE) NULL ,
"SEX" VARCHAR2(50 BYTE) NULL ,
"AGE" VARCHAR2(50 BYTE) NULL ,
"ID_CARD" CHAR(18 BYTE) NULL ,
"DEPT_ID" VARCHAR2(50 BYTE) NULL ,
"PHONE" VARCHAR2(30 BYTE) NULL ,
"EMAIL" VARCHAR2(50 BYTE) NULL ,
"REMARKS" VARCHAR2(100 BYTE) NULL ,
"JOB_ID" VARCHAR2(32 BYTE) NULL 
)
LOGGING
NOCOMPRESS
NOCACHE

;

-- ----------------------------
-- Records of ERP_USER
-- ----------------------------
INSERT INTO "ERP"."ERP_USER" VALUES ('410085a1464d4e63822f450a3e289077', 'wieuirui', 'A', '34', '55555555555       ', '07c708c5510146c2a09d76dd6565150b', '12334343545', '1234345', 'dfsdsgf', 'd5c966da3d1d48108cfd28824e059e02');
INSERT INTO "ERP"."ERP_USER" VALUES ('0e3c77163bf842479cc7e9a93071c069', '张三', 'A', '32', '1211212312313     ', '401201a3267e41ddb1f64b6ba70eb25f', '12312312313', '11234346@qq.com', '老板', '005625372bea49ac9990e708e8b696aa');
INSERT INTO "ERP"."ERP_USER" VALUES ('36cddad563504b1cab3331afd32de63b', '李四', 'A', '32', '32242455224       ', '32a5eb5a3bbb422d856b39827096f0bd', '132434343243', '1241234124@qq.com', '采购员', 'ea26d2394a1342e0940e5b40c1e51ed3');
INSERT INTO "ERP"."ERP_USER" VALUES ('9fb1d133050046a59cdd00701946f14d', '王五', 'B', '23', '432342342324242   ', '07c708c5510146c2a09d76dd6565150b', '134234235325', '销售员', '销售员', 'd5c966da3d1d48108cfd28824e059e02');
INSERT INTO "ERP"."ERP_USER" VALUES ('534b50470f09456cbb696d18ba49cf4b', '暗暗', 'A', '21', '3143242314123423  ', '401201a3267e41ddb1f64b6ba70eb25f', '13442235698', '2314241255@qq.com', '档案系统管理员', '005625372bea49ac9990e708e8b696aa');
INSERT INTO "ERP"."ERP_USER" VALUES ('5a257cfa80e3434fb203bdcf954f2313', '八佰伴', 'A', '34', '432342342324242   ', '401201a3267e41ddb1f64b6ba70eb25f', '15122343535353', '3141341@qq.com', '仓库管理', '005625372bea49ac9990e708e8b696aa');

-- ----------------------------
-- Table structure for ERP_WAREHOUSE
-- ----------------------------
DROP TABLE "ERP"."ERP_WAREHOUSE";
CREATE TABLE "ERP"."ERP_WAREHOUSE" (
"WAREHOUSE_ID" CHAR(32 BYTE) NOT NULL ,
"NAME" VARCHAR2(50 BYTE) NULL ,
"PRINCIPAL" VARCHAR2(50 BYTE) NULL ,
"PHONE" VARCHAR2(30 BYTE) NULL ,
"SUBSIDIARY_ORGAN" VARCHAR2(50 BYTE) NULL ,
"CREATE_TIME" VARCHAR2(50 BYTE) NULL ,
"STATE" CHAR(1 BYTE) NULL 
)
LOGGING
NOCOMPRESS
NOCACHE

;

-- ----------------------------
-- Records of ERP_WAREHOUSE
-- ----------------------------
INSERT INTO "ERP"."ERP_WAREHOUSE" VALUES ('cf84a38596394fef84eac6600813979d', '洛阳仓库3', '王五', '156739890976', '洛阳开拓者二号分公司', '2016-10-11 08:34:38', 'A');
INSERT INTO "ERP"."ERP_WAREHOUSE" VALUES ('c8ace9be654c4f5889bd121b1343c58b', '郑州仓库1', '张三', '16709872356', '郑州开拓者总公司', '2016-10-11 08:33:44', 'A');
INSERT INTO "ERP"."ERP_WAREHOUSE" VALUES ('38a44b22a8354f9dac2ad968d6d08e61', '郑州仓库2', '李四', '15670985674', '郑州开拓者总公司', '2016-10-11 08:34:08', 'A');
INSERT INTO "ERP"."ERP_WAREHOUSE" VALUES ('ec67c34cc6a94f1d893477ca92830c7e', '洛阳仓库4', '赵六', '18907653489', '洛阳开拓者二号分公司', '2016-10-11 08:35:36', 'A');

-- ----------------------------
-- Indexes structure for table ERP_ACCOUNT
-- ----------------------------

-- ----------------------------
-- Checks structure for table ERP_ACCOUNT
-- ----------------------------
ALTER TABLE "ERP"."ERP_ACCOUNT" ADD CHECK ("ID" IS NOT NULL);
ALTER TABLE "ERP"."ERP_ACCOUNT" ADD CHECK ("USERNAME" IS NOT NULL);
ALTER TABLE "ERP"."ERP_ACCOUNT" ADD CHECK ("PASSWORD" IS NOT NULL);
ALTER TABLE "ERP"."ERP_ACCOUNT" ADD CHECK ("UTYPE" IS NOT NULL);
ALTER TABLE "ERP"."ERP_ACCOUNT" ADD CHECK ("ID" IS NOT NULL);
ALTER TABLE "ERP"."ERP_ACCOUNT" ADD CHECK ("USERNAME" IS NOT NULL);
ALTER TABLE "ERP"."ERP_ACCOUNT" ADD CHECK ("PASSWORD" IS NOT NULL);
ALTER TABLE "ERP"."ERP_ACCOUNT" ADD CHECK ("UTYPE" IS NOT NULL);
ALTER TABLE "ERP"."ERP_ACCOUNT" ADD CHECK ("ID" IS NOT NULL);
ALTER TABLE "ERP"."ERP_ACCOUNT" ADD CHECK ("USERNAME" IS NOT NULL);
ALTER TABLE "ERP"."ERP_ACCOUNT" ADD CHECK ("PASSWORD" IS NOT NULL);
ALTER TABLE "ERP"."ERP_ACCOUNT" ADD CHECK ("UTYPE" IS NOT NULL);
ALTER TABLE "ERP"."ERP_ACCOUNT" ADD CHECK ("ID" IS NOT NULL);
ALTER TABLE "ERP"."ERP_ACCOUNT" ADD CHECK ("USERNAME" IS NOT NULL);
ALTER TABLE "ERP"."ERP_ACCOUNT" ADD CHECK ("PASSWORD" IS NOT NULL);
ALTER TABLE "ERP"."ERP_ACCOUNT" ADD CHECK ("UTYPE" IS NOT NULL);
ALTER TABLE "ERP"."ERP_ACCOUNT" ADD CHECK ("ID" IS NOT NULL);
ALTER TABLE "ERP"."ERP_ACCOUNT" ADD CHECK ("USERNAME" IS NOT NULL);
ALTER TABLE "ERP"."ERP_ACCOUNT" ADD CHECK ("PASSWORD" IS NOT NULL);
ALTER TABLE "ERP"."ERP_ACCOUNT" ADD CHECK ("UTYPE" IS NOT NULL);

-- ----------------------------
-- Primary Key structure for table ERP_ACCOUNT
-- ----------------------------
ALTER TABLE "ERP"."ERP_ACCOUNT" ADD PRIMARY KEY ("ID");

-- ----------------------------
-- Indexes structure for table ERP_BLITEM
-- ----------------------------

-- ----------------------------
-- Checks structure for table ERP_BLITEM
-- ----------------------------
ALTER TABLE "ERP"."ERP_BLITEM" ADD CHECK ("BLITEM_ID" IS NOT NULL);
ALTER TABLE "ERP"."ERP_BLITEM" ADD CHECK ("BLITEM_ID" IS NOT NULL);
ALTER TABLE "ERP"."ERP_BLITEM" ADD CHECK ("BLITEM_ID" IS NOT NULL);
ALTER TABLE "ERP"."ERP_BLITEM" ADD CHECK ("BLITEM_ID" IS NOT NULL);

-- ----------------------------
-- Primary Key structure for table ERP_BLITEM
-- ----------------------------
ALTER TABLE "ERP"."ERP_BLITEM" ADD PRIMARY KEY ("BLITEM_ID");

-- ----------------------------
-- Indexes structure for table ERP_CASH_STATEMENT
-- ----------------------------

-- ----------------------------
-- Checks structure for table ERP_CASH_STATEMENT
-- ----------------------------
ALTER TABLE "ERP"."ERP_CASH_STATEMENT" ADD CHECK ("STATEMENT_ID" IS NOT NULL);
ALTER TABLE "ERP"."ERP_CASH_STATEMENT" ADD CHECK ("STATEMENT_ID" IS NOT NULL);
ALTER TABLE "ERP"."ERP_CASH_STATEMENT" ADD CHECK ("STATEMENT_ID" IS NOT NULL);
ALTER TABLE "ERP"."ERP_CASH_STATEMENT" ADD CHECK ("STATEMENT_ID" IS NOT NULL);

-- ----------------------------
-- Primary Key structure for table ERP_CASH_STATEMENT
-- ----------------------------
ALTER TABLE "ERP"."ERP_CASH_STATEMENT" ADD PRIMARY KEY ("STATEMENT_ID");

-- ----------------------------
-- Indexes structure for table ERP_CLIENT_SALE
-- ----------------------------

-- ----------------------------
-- Checks structure for table ERP_CLIENT_SALE
-- ----------------------------
ALTER TABLE "ERP"."ERP_CLIENT_SALE" ADD CHECK ("CLIENT_SALE _ID" IS NOT NULL);
ALTER TABLE "ERP"."ERP_CLIENT_SALE" ADD CHECK ("CLIENT_SALE _ID" IS NOT NULL);
ALTER TABLE "ERP"."ERP_CLIENT_SALE" ADD CHECK ("CLIENT_SALE _ID" IS NOT NULL);
ALTER TABLE "ERP"."ERP_CLIENT_SALE" ADD CHECK ("CLIENT_SALE _ID" IS NOT NULL);
ALTER TABLE "ERP"."ERP_CLIENT_SALE" ADD CHECK ("CLIENT_SALE _ID" IS NOT NULL);

-- ----------------------------
-- Primary Key structure for table ERP_CLIENT_SALE
-- ----------------------------
ALTER TABLE "ERP"."ERP_CLIENT_SALE" ADD PRIMARY KEY ("CLIENT_SALE _ID");

-- ----------------------------
-- Checks structure for table ERP_CODE
-- ----------------------------
ALTER TABLE "ERP"."ERP_CODE" ADD CHECK ("ID" IS NOT NULL);
ALTER TABLE "ERP"."ERP_CODE" ADD CHECK ("ID" IS NOT NULL);
ALTER TABLE "ERP"."ERP_CODE" ADD CHECK ("ID" IS NOT NULL);
ALTER TABLE "ERP"."ERP_CODE" ADD CHECK ("ID" IS NOT NULL);
ALTER TABLE "ERP"."ERP_CODE" ADD CHECK ("ID" IS NOT NULL);

-- ----------------------------
-- Checks structure for table ERP_COMMENT
-- ----------------------------
ALTER TABLE "ERP"."ERP_COMMENT" ADD CHECK ("ID" IS NOT NULL);
ALTER TABLE "ERP"."ERP_COMMENT" ADD CHECK ("ID" IS NOT NULL);
ALTER TABLE "ERP"."ERP_COMMENT" ADD CHECK ("ID" IS NOT NULL);

-- ----------------------------
-- Checks structure for table ERP_CUSTOMER
-- ----------------------------
ALTER TABLE "ERP"."ERP_CUSTOMER" ADD CHECK ("ID" IS NOT NULL);
ALTER TABLE "ERP"."ERP_CUSTOMER" ADD CHECK ("NAME" IS NOT NULL);
ALTER TABLE "ERP"."ERP_CUSTOMER" ADD CHECK ("SEX" IS NOT NULL);
ALTER TABLE "ERP"."ERP_CUSTOMER" ADD CHECK ("ID" IS NOT NULL);
ALTER TABLE "ERP"."ERP_CUSTOMER" ADD CHECK ("NAME" IS NOT NULL);
ALTER TABLE "ERP"."ERP_CUSTOMER" ADD CHECK ("SEX" IS NOT NULL);
ALTER TABLE "ERP"."ERP_CUSTOMER" ADD CHECK ("ID" IS NOT NULL);
ALTER TABLE "ERP"."ERP_CUSTOMER" ADD CHECK ("NAME" IS NOT NULL);
ALTER TABLE "ERP"."ERP_CUSTOMER" ADD CHECK ("SEX" IS NOT NULL);

-- ----------------------------
-- Indexes structure for table ERP_DEPT
-- ----------------------------

-- ----------------------------
-- Checks structure for table ERP_DEPT
-- ----------------------------
ALTER TABLE "ERP"."ERP_DEPT" ADD CHECK ("DEPT_ID" IS NOT NULL);
ALTER TABLE "ERP"."ERP_DEPT" ADD CHECK ("DEPT_ID" IS NOT NULL);
ALTER TABLE "ERP"."ERP_DEPT" ADD CHECK ("DEPT_ID" IS NOT NULL);
ALTER TABLE "ERP"."ERP_DEPT" ADD CHECK ("DEPT_ID" IS NOT NULL);

-- ----------------------------
-- Primary Key structure for table ERP_DEPT
-- ----------------------------
ALTER TABLE "ERP"."ERP_DEPT" ADD PRIMARY KEY ("DEPT_ID");

-- ----------------------------
-- Indexes structure for table ERP_GOODS
-- ----------------------------

-- ----------------------------
-- Checks structure for table ERP_GOODS
-- ----------------------------
ALTER TABLE "ERP"."ERP_GOODS" ADD CHECK ("GOODS_ID" IS NOT NULL);
ALTER TABLE "ERP"."ERP_GOODS" ADD CHECK ("GOODS_ID" IS NOT NULL);
ALTER TABLE "ERP"."ERP_GOODS" ADD CHECK ("GOODS_ID" IS NOT NULL);
ALTER TABLE "ERP"."ERP_GOODS" ADD CHECK ("GOODS_ID" IS NOT NULL);

-- ----------------------------
-- Primary Key structure for table ERP_GOODS
-- ----------------------------
ALTER TABLE "ERP"."ERP_GOODS" ADD PRIMARY KEY ("GOODS_ID");

-- ----------------------------
-- Indexes structure for table ERP_GOODS_SALE
-- ----------------------------

-- ----------------------------
-- Checks structure for table ERP_GOODS_SALE
-- ----------------------------
ALTER TABLE "ERP"."ERP_GOODS_SALE" ADD CHECK ("GOODS_SALE_ID" IS NOT NULL);
ALTER TABLE "ERP"."ERP_GOODS_SALE" ADD CHECK ("GOODS_SALE_ID" IS NOT NULL);
ALTER TABLE "ERP"."ERP_GOODS_SALE" ADD CHECK ("GOODS_SALE_ID" IS NOT NULL);
ALTER TABLE "ERP"."ERP_GOODS_SALE" ADD CHECK ("GOODS_SALE_ID" IS NOT NULL);

-- ----------------------------
-- Primary Key structure for table ERP_GOODS_SALE
-- ----------------------------
ALTER TABLE "ERP"."ERP_GOODS_SALE" ADD PRIMARY KEY ("GOODS_SALE_ID");

-- ----------------------------
-- Indexes structure for table ERP_JOB
-- ----------------------------

-- ----------------------------
-- Checks structure for table ERP_JOB
-- ----------------------------
ALTER TABLE "ERP"."ERP_JOB" ADD CHECK ("JOB_ID" IS NOT NULL);
ALTER TABLE "ERP"."ERP_JOB" ADD CHECK ("JOB_NAME" IS NOT NULL);
ALTER TABLE "ERP"."ERP_JOB" ADD CHECK ("JOB_ID" IS NOT NULL);
ALTER TABLE "ERP"."ERP_JOB" ADD CHECK ("JOB_NAME" IS NOT NULL);
ALTER TABLE "ERP"."ERP_JOB" ADD CHECK ("JOB_ID" IS NOT NULL);
ALTER TABLE "ERP"."ERP_JOB" ADD CHECK ("JOB_NAME" IS NOT NULL);
ALTER TABLE "ERP"."ERP_JOB" ADD CHECK ("JOB_ID" IS NOT NULL);
ALTER TABLE "ERP"."ERP_JOB" ADD CHECK ("JOB_NAME" IS NOT NULL);

-- ----------------------------
-- Primary Key structure for table ERP_JOB
-- ----------------------------
ALTER TABLE "ERP"."ERP_JOB" ADD PRIMARY KEY ("JOB_ID");

-- ----------------------------
-- Indexes structure for table ERP_JOB_RESOURCE
-- ----------------------------

-- ----------------------------
-- Checks structure for table ERP_JOB_RESOURCE
-- ----------------------------
ALTER TABLE "ERP"."ERP_JOB_RESOURCE" ADD CHECK ("ID" IS NOT NULL);
ALTER TABLE "ERP"."ERP_JOB_RESOURCE" ADD CHECK ("JOB_ID" IS NOT NULL);
ALTER TABLE "ERP"."ERP_JOB_RESOURCE" ADD CHECK ("RESOURCE_ID" IS NOT NULL);
ALTER TABLE "ERP"."ERP_JOB_RESOURCE" ADD CHECK ("ID" IS NOT NULL);
ALTER TABLE "ERP"."ERP_JOB_RESOURCE" ADD CHECK ("JOB_ID" IS NOT NULL);
ALTER TABLE "ERP"."ERP_JOB_RESOURCE" ADD CHECK ("RESOURCE_ID" IS NOT NULL);
ALTER TABLE "ERP"."ERP_JOB_RESOURCE" ADD CHECK ("ID" IS NOT NULL);
ALTER TABLE "ERP"."ERP_JOB_RESOURCE" ADD CHECK ("JOB_ID" IS NOT NULL);
ALTER TABLE "ERP"."ERP_JOB_RESOURCE" ADD CHECK ("RESOURCE_ID" IS NOT NULL);
ALTER TABLE "ERP"."ERP_JOB_RESOURCE" ADD CHECK ("ID" IS NOT NULL);
ALTER TABLE "ERP"."ERP_JOB_RESOURCE" ADD CHECK ("JOB_ID" IS NOT NULL);
ALTER TABLE "ERP"."ERP_JOB_RESOURCE" ADD CHECK ("RESOURCE_ID" IS NOT NULL);

-- ----------------------------
-- Primary Key structure for table ERP_JOB_RESOURCE
-- ----------------------------
ALTER TABLE "ERP"."ERP_JOB_RESOURCE" ADD PRIMARY KEY ("ID");

-- ----------------------------
-- Indexes structure for table ERP_JOB_USER
-- ----------------------------

-- ----------------------------
-- Checks structure for table ERP_JOB_USER
-- ----------------------------
ALTER TABLE "ERP"."ERP_JOB_USER" ADD CHECK ("ID" IS NOT NULL);
ALTER TABLE "ERP"."ERP_JOB_USER" ADD CHECK ("JOB_ID" IS NOT NULL);
ALTER TABLE "ERP"."ERP_JOB_USER" ADD CHECK ("USER_ID" IS NOT NULL);
ALTER TABLE "ERP"."ERP_JOB_USER" ADD CHECK ("ID" IS NOT NULL);
ALTER TABLE "ERP"."ERP_JOB_USER" ADD CHECK ("JOB_ID" IS NOT NULL);
ALTER TABLE "ERP"."ERP_JOB_USER" ADD CHECK ("USER_ID" IS NOT NULL);
ALTER TABLE "ERP"."ERP_JOB_USER" ADD CHECK ("ID" IS NOT NULL);
ALTER TABLE "ERP"."ERP_JOB_USER" ADD CHECK ("JOB_ID" IS NOT NULL);
ALTER TABLE "ERP"."ERP_JOB_USER" ADD CHECK ("USER_ID" IS NOT NULL);
ALTER TABLE "ERP"."ERP_JOB_USER" ADD CHECK ("ID" IS NOT NULL);
ALTER TABLE "ERP"."ERP_JOB_USER" ADD CHECK ("JOB_ID" IS NOT NULL);
ALTER TABLE "ERP"."ERP_JOB_USER" ADD CHECK ("USER_ID" IS NOT NULL);

-- ----------------------------
-- Primary Key structure for table ERP_JOB_USER
-- ----------------------------
ALTER TABLE "ERP"."ERP_JOB_USER" ADD PRIMARY KEY ("ID");

-- ----------------------------
-- Indexes structure for table ERP_ORGANIZATION
-- ----------------------------

-- ----------------------------
-- Checks structure for table ERP_ORGANIZATION
-- ----------------------------
ALTER TABLE "ERP"."ERP_ORGANIZATION" ADD CHECK ("ORGANIZATION_ID" IS NOT NULL);
ALTER TABLE "ERP"."ERP_ORGANIZATION" ADD CHECK ("ORGANIZATION_ID" IS NOT NULL);
ALTER TABLE "ERP"."ERP_ORGANIZATION" ADD CHECK ("ORGANIZATION_ID" IS NOT NULL);
ALTER TABLE "ERP"."ERP_ORGANIZATION" ADD CHECK ("ORGANIZATION_ID" IS NOT NULL);

-- ----------------------------
-- Primary Key structure for table ERP_ORGANIZATION
-- ----------------------------
ALTER TABLE "ERP"."ERP_ORGANIZATION" ADD PRIMARY KEY ("ORGANIZATION_ID");

-- ----------------------------
-- Indexes structure for table ERP_PO_GOODS
-- ----------------------------

-- ----------------------------
-- Checks structure for table ERP_PO_GOODS
-- ----------------------------
ALTER TABLE "ERP"."ERP_PO_GOODS" ADD CHECK ("ID" IS NOT NULL);
ALTER TABLE "ERP"."ERP_PO_GOODS" ADD CHECK ("ID" IS NOT NULL);
ALTER TABLE "ERP"."ERP_PO_GOODS" ADD CHECK ("ID" IS NOT NULL);

-- ----------------------------
-- Primary Key structure for table ERP_PO_GOODS
-- ----------------------------
ALTER TABLE "ERP"."ERP_PO_GOODS" ADD PRIMARY KEY ("ID");

-- ----------------------------
-- Indexes structure for table ERP_PURCHASE
-- ----------------------------

-- ----------------------------
-- Checks structure for table ERP_PURCHASE
-- ----------------------------
ALTER TABLE "ERP"."ERP_PURCHASE" ADD CHECK ("PURCHASE_ID" IS NOT NULL);
ALTER TABLE "ERP"."ERP_PURCHASE" ADD CHECK ("PURCHASE_ID" IS NOT NULL);
ALTER TABLE "ERP"."ERP_PURCHASE" ADD CHECK ("PURCHASE_ID" IS NOT NULL);

-- ----------------------------
-- Primary Key structure for table ERP_PURCHASE
-- ----------------------------
ALTER TABLE "ERP"."ERP_PURCHASE" ADD PRIMARY KEY ("PURCHASE_ID");

-- ----------------------------
-- Indexes structure for table ERP_PURCHASE_GOODS
-- ----------------------------

-- ----------------------------
-- Checks structure for table ERP_PURCHASE_GOODS
-- ----------------------------
ALTER TABLE "ERP"."ERP_PURCHASE_GOODS" ADD CHECK ("ID" IS NOT NULL);
ALTER TABLE "ERP"."ERP_PURCHASE_GOODS" ADD CHECK ("ID" IS NOT NULL);
ALTER TABLE "ERP"."ERP_PURCHASE_GOODS" ADD CHECK ("ID" IS NOT NULL);

-- ----------------------------
-- Primary Key structure for table ERP_PURCHASE_GOODS
-- ----------------------------
ALTER TABLE "ERP"."ERP_PURCHASE_GOODS" ADD PRIMARY KEY ("ID");

-- ----------------------------
-- Indexes structure for table ERP_PURCHASE_ORDER
-- ----------------------------

-- ----------------------------
-- Checks structure for table ERP_PURCHASE_ORDER
-- ----------------------------
ALTER TABLE "ERP"."ERP_PURCHASE_ORDER" ADD CHECK ("PO_ID" IS NOT NULL);
ALTER TABLE "ERP"."ERP_PURCHASE_ORDER" ADD CHECK ("PO_ID" IS NOT NULL);
ALTER TABLE "ERP"."ERP_PURCHASE_ORDER" ADD CHECK ("PO_ID" IS NOT NULL);

-- ----------------------------
-- Primary Key structure for table ERP_PURCHASE_ORDER
-- ----------------------------
ALTER TABLE "ERP"."ERP_PURCHASE_ORDER" ADD PRIMARY KEY ("PO_ID");

-- ----------------------------
-- Checks structure for table ERP_REPLY
-- ----------------------------
ALTER TABLE "ERP"."ERP_REPLY" ADD CHECK ("ID" IS NOT NULL);
ALTER TABLE "ERP"."ERP_REPLY" ADD CHECK ("ID" IS NOT NULL);
ALTER TABLE "ERP"."ERP_REPLY" ADD CHECK ("ID" IS NOT NULL);

-- ----------------------------
-- Indexes structure for table ERP_REQUISITION
-- ----------------------------

-- ----------------------------
-- Checks structure for table ERP_REQUISITION
-- ----------------------------
ALTER TABLE "ERP"."ERP_REQUISITION" ADD CHECK ("REQUISITION_ID" IS NOT NULL);
ALTER TABLE "ERP"."ERP_REQUISITION" ADD CHECK ("REQUISITION_ID" IS NOT NULL);
ALTER TABLE "ERP"."ERP_REQUISITION" ADD CHECK ("REQUISITION_ID" IS NOT NULL);
ALTER TABLE "ERP"."ERP_REQUISITION" ADD CHECK ("REQUISITION_ID" IS NOT NULL);

-- ----------------------------
-- Primary Key structure for table ERP_REQUISITION
-- ----------------------------
ALTER TABLE "ERP"."ERP_REQUISITION" ADD PRIMARY KEY ("REQUISITION_ID");

-- ----------------------------
-- Indexes structure for table ERP_RESOURCE
-- ----------------------------

-- ----------------------------
-- Checks structure for table ERP_RESOURCE
-- ----------------------------
ALTER TABLE "ERP"."ERP_RESOURCE" ADD CHECK ("ID" IS NOT NULL);
ALTER TABLE "ERP"."ERP_RESOURCE" ADD CHECK ("DO_PATH" IS NOT NULL);
ALTER TABLE "ERP"."ERP_RESOURCE" ADD CHECK ("ID" IS NOT NULL);
ALTER TABLE "ERP"."ERP_RESOURCE" ADD CHECK ("DO_PATH" IS NOT NULL);
ALTER TABLE "ERP"."ERP_RESOURCE" ADD CHECK ("ID" IS NOT NULL);
ALTER TABLE "ERP"."ERP_RESOURCE" ADD CHECK ("DO_PATH" IS NOT NULL);
ALTER TABLE "ERP"."ERP_RESOURCE" ADD CHECK ("ID" IS NOT NULL);
ALTER TABLE "ERP"."ERP_RESOURCE" ADD CHECK ("DO_PATH" IS NOT NULL);

-- ----------------------------
-- Primary Key structure for table ERP_RESOURCE
-- ----------------------------
ALTER TABLE "ERP"."ERP_RESOURCE" ADD PRIMARY KEY ("ID");

-- ----------------------------
-- Indexes structure for table ERP_SALE
-- ----------------------------

-- ----------------------------
-- Checks structure for table ERP_SALE
-- ----------------------------
ALTER TABLE "ERP"."ERP_SALE" ADD CHECK ("SALE_ID" IS NOT NULL);
ALTER TABLE "ERP"."ERP_SALE" ADD CHECK ("SALE_ID" IS NOT NULL);
ALTER TABLE "ERP"."ERP_SALE" ADD CHECK ("SALE_ID" IS NOT NULL);

-- ----------------------------
-- Primary Key structure for table ERP_SALE
-- ----------------------------
ALTER TABLE "ERP"."ERP_SALE" ADD PRIMARY KEY ("SALE_ID");

-- ----------------------------
-- Indexes structure for table ERP_SALE_GOODS
-- ----------------------------

-- ----------------------------
-- Checks structure for table ERP_SALE_GOODS
-- ----------------------------
ALTER TABLE "ERP"."ERP_SALE_GOODS" ADD CHECK ("ID" IS NOT NULL);
ALTER TABLE "ERP"."ERP_SALE_GOODS" ADD CHECK ("ID" IS NOT NULL);
ALTER TABLE "ERP"."ERP_SALE_GOODS" ADD CHECK ("ID" IS NOT NULL);

-- ----------------------------
-- Primary Key structure for table ERP_SALE_GOODS
-- ----------------------------
ALTER TABLE "ERP"."ERP_SALE_GOODS" ADD PRIMARY KEY ("ID");

-- ----------------------------
-- Indexes structure for table ERP_SALE_ORDER
-- ----------------------------

-- ----------------------------
-- Checks structure for table ERP_SALE_ORDER
-- ----------------------------
ALTER TABLE "ERP"."ERP_SALE_ORDER" ADD CHECK ("SO_ID" IS NOT NULL);
ALTER TABLE "ERP"."ERP_SALE_ORDER" ADD CHECK ("SO_ID" IS NOT NULL);
ALTER TABLE "ERP"."ERP_SALE_ORDER" ADD CHECK ("SO_ID" IS NOT NULL);

-- ----------------------------
-- Primary Key structure for table ERP_SALE_ORDER
-- ----------------------------
ALTER TABLE "ERP"."ERP_SALE_ORDER" ADD PRIMARY KEY ("SO_ID");

-- ----------------------------
-- Indexes structure for table ERP_SALE_RETURN
-- ----------------------------

-- ----------------------------
-- Checks structure for table ERP_SALE_RETURN
-- ----------------------------
ALTER TABLE "ERP"."ERP_SALE_RETURN" ADD CHECK ("SR_ID" IS NOT NULL);
ALTER TABLE "ERP"."ERP_SALE_RETURN" ADD CHECK ("SR_ID" IS NOT NULL);
ALTER TABLE "ERP"."ERP_SALE_RETURN" ADD CHECK ("SR_ID" IS NOT NULL);

-- ----------------------------
-- Primary Key structure for table ERP_SALE_RETURN
-- ----------------------------
ALTER TABLE "ERP"."ERP_SALE_RETURN" ADD PRIMARY KEY ("SR_ID");

-- ----------------------------
-- Indexes structure for table ERP_SO_GOODS
-- ----------------------------

-- ----------------------------
-- Checks structure for table ERP_SO_GOODS
-- ----------------------------
ALTER TABLE "ERP"."ERP_SO_GOODS" ADD CHECK ("ID" IS NOT NULL);
ALTER TABLE "ERP"."ERP_SO_GOODS" ADD CHECK ("ID" IS NOT NULL);
ALTER TABLE "ERP"."ERP_SO_GOODS" ADD CHECK ("ID" IS NOT NULL);

-- ----------------------------
-- Primary Key structure for table ERP_SO_GOODS
-- ----------------------------
ALTER TABLE "ERP"."ERP_SO_GOODS" ADD PRIMARY KEY ("ID");

-- ----------------------------
-- Indexes structure for table ERP_SR_GOODS
-- ----------------------------

-- ----------------------------
-- Checks structure for table ERP_SR_GOODS
-- ----------------------------
ALTER TABLE "ERP"."ERP_SR_GOODS" ADD CHECK ("ID" IS NOT NULL);
ALTER TABLE "ERP"."ERP_SR_GOODS" ADD CHECK ("ID" IS NOT NULL);
ALTER TABLE "ERP"."ERP_SR_GOODS" ADD CHECK ("ID" IS NOT NULL);

-- ----------------------------
-- Primary Key structure for table ERP_SR_GOODS
-- ----------------------------
ALTER TABLE "ERP"."ERP_SR_GOODS" ADD PRIMARY KEY ("ID");

-- ----------------------------
-- Checks structure for table ERP_USER
-- ----------------------------
ALTER TABLE "ERP"."ERP_USER" ADD CHECK ("ID" IS NOT NULL);
ALTER TABLE "ERP"."ERP_USER" ADD CHECK ("ID" IS NOT NULL);
ALTER TABLE "ERP"."ERP_USER" ADD CHECK ("ID" IS NOT NULL);

-- ----------------------------
-- Indexes structure for table ERP_WAREHOUSE
-- ----------------------------

-- ----------------------------
-- Checks structure for table ERP_WAREHOUSE
-- ----------------------------
ALTER TABLE "ERP"."ERP_WAREHOUSE" ADD CHECK ("WAREHOUSE_ID" IS NOT NULL);
ALTER TABLE "ERP"."ERP_WAREHOUSE" ADD CHECK ("WAREHOUSE_ID" IS NOT NULL);
ALTER TABLE "ERP"."ERP_WAREHOUSE" ADD CHECK ("WAREHOUSE_ID" IS NOT NULL);
ALTER TABLE "ERP"."ERP_WAREHOUSE" ADD CHECK ("WAREHOUSE_ID" IS NOT NULL);

-- ----------------------------
-- Primary Key structure for table ERP_WAREHOUSE
-- ----------------------------
ALTER TABLE "ERP"."ERP_WAREHOUSE" ADD PRIMARY KEY ("WAREHOUSE_ID");
